patch_uid,disp,texture,image,y_true,y_pred_oof,residual,abs_residual
25,7.823713781141543,Granuleux,060525-JPB-MEB-EIHNValves-Ech1-ZigZag20002.tif,6.604131330264115,7.57302392148505,-0.9688925912209349,0.9688925912209349
28,7.550776042796423,Granuleux,060525-JPB-MEB-EIHNValves-Ech1-ZigZag20002.tif,8.135810517166451,7.350751179577203,0.7850593375892485,0.7850593375892485
29,7.863295678646612,Granuleux,060525-JPB-MEB-EIHNValves-Ech1-ZigZag20002.tif,11.27526744371707,9.460960710772504,1.8143067329445657,1.8143067329445657
34,8.312237705829299,Granuleux,060525-JPB-MEB-EIHNValves-Ech1-ZigZag20002.tif,7.107436165447213,7.937165192060406,-0.8297290266131929,0.8297290266131929
35,6.9845452461118045,Granuleux,060525-JPB-MEB-EIHNValves-Ech1-ZigZag20002.tif,6.285404283422965,6.730418934263318,-0.4450146508403527,0.4450146508403527
36,7.796438397588458,Granuleux,060525-JPB-MEB-EIHNValves-Ech1-ZigZag20002.tif,4.769446999897783,5.582721001629967,-0.813274001732184,0.813274001732184
42,7.535190508678317,Granuleux,060525-JPB-MEB-EIHNValves-Ech1-ZigZag20002.tif,6.960132890365449,6.35654530424898,0.6035875861164692,0.6035875861164692
43,8.312490191195824,Granuleux,060525-JPB-MEB-EIHNValves-Ech1-ZigZag20002.tif,9.931421269345448,8.552166250716265,1.3792550186291823,1.3792550186291823
44,8.015919699776866,Granuleux,060525-JPB-MEB-EIHNValves-Ech1-ZigZag20002.tif,10.14468659774611,8.743704382557082,1.4009822151890283,1.4009822151890283
50,7.220263174077434,Sableux,060525-JPB-MEB-EIHNValves-Ech1-ZigZag20002.tif,5.110945696866583,5.024697410437804,0.0862482864287788,0.0862482864287788
51,7.100329959967744,Granuleux,060525-JPB-MEB-EIHNValves-Ech1-ZigZag20002.tif,6.974423891701975,7.073766979521374,-0.099343087819399,0.099343087819399
52,8.20462013868376,Granuleux,060525-JPB-MEB-EIHNValves-Ech1-ZigZag20002.tif,9.027385054057266,8.783579118420606,0.2438059356366597,0.2438059356366597
53,7.773767960445839,Granuleux,060525-JPB-MEB-EIHNValves-Ech1-ZigZag20002.tif,8.719319022945967,7.86242256782675,0.8568964551192177,0.8568964551192177
55,7.5588645733602755,Granuleux,060525-JPB-MEB-EIHNValves-Ech1-ZigZag20002.tif,7.027782805429865,7.388787616439435,-0.36100481100957,0.36100481100957
61,8.508470263590898,Sableux,060525-JPB-MEB-EIHNValves-Ech1-ZigZag20005.tif,7.078056642873594,6.776402969348605,0.3016536735249886,0.3016536735249886
62,7.31895657731417,Sableux,060525-JPB-MEB-EIHNValves-Ech1-ZigZag20005.tif,4.244996859014629,4.8594696482279645,-0.6144727892133357,0.6144727892133357
63,7.382985850805757,Sableux,060525-JPB-MEB-EIHNValves-Ech1-ZigZag20005.tif,4.889013327360287,4.33196003549033,0.5570532918699564,0.5570532918699564
71,7.90650402888744,Sableux,060525-JPB-MEB-EIHNValves-Ech1-ZigZag20005.tif,5.688731144631764,6.571746780511901,-0.8830156358801373,0.8830156358801373
72,8.153522863163381,Sableux,060525-JPB-MEB-EIHNValves-Ech1-ZigZag20005.tif,6.594350803265736,7.285081790059258,-0.6907309867935219,0.6907309867935219
83,8.034266322845898,Sableux,060525-JPB-MEB-EIHNValves-Ech1-ZigZag20005.tif,6.943088552915767,6.960005771266003,-0.0169172183502359,0.0169172183502359
84,7.734102236557936,Sableux,060525-JPB-MEB-EIHNValves-Ech1-ZigZag20005.tif,5.42259471245571,6.5541910323203325,-1.1315963198646228,1.1315963198646228
85,8.895465776008725,Sableux,060525-JPB-MEB-EIHNValves-Ech1-ZigZag20005.tif,4.011577736228967,7.168664306194941,-3.1570865699659745,3.1570865699659745
94,6.559708882155576,Sableux,060525-JPB-MEB-EIHNValves-Ech1-ZigZag20005.tif,4.476416786226686,5.0280365517443,-0.5516197655176143,0.5516197655176143
95,8.054319694567056,Sableux,060525-JPB-MEB-EIHNValves-Ech1-ZigZag20005.tif,6.13404652498564,6.4279421970728885,-0.2938956720872481,0.2938956720872481
96,7.783031116660611,Sableux,060525-JPB-MEB-EIHNValves-Ech1-ZigZag20005.tif,4.466123778501628,6.348548398001899,-1.882424619500271,1.882424619500271
97,7.881114973094869,Sableux,060525-JPB-MEB-EIHNValves-Ech1-ZigZag20005.tif,7.229939179909751,7.759426107395796,-0.5294869274860448,0.5294869274860448
98,7.718113360615371,Sableux,060525-JPB-MEB-EIHNValves-Ech1-ZigZag20005.tif,5.9883958173935214,7.117614077550805,-1.129218260157284,1.129218260157284
184,8.648503030962644,Granuleux,060525-JPB-MEB-EIHNValves-Ech1-ZigZag20033.tif,7.166243654822336,7.97504844621564,-0.8088047913933041,0.8088047913933041
185,7.056421005225336,Granuleux,060525-JPB-MEB-EIHNValves-Ech1-ZigZag20033.tif,7.444074654137301,7.279048557518934,0.1650260966183676,0.1650260966183676
186,8.140682018870736,Granuleux,060525-JPB-MEB-EIHNValves-Ech1-ZigZag20033.tif,10.082134570765662,8.932915669089127,1.1492189016765355,1.1492189016765355
193,7.095781756887868,Granuleux,060525-JPB-MEB-EIHNValves-Ech1-ZigZag20033.tif,10.705632491562898,8.393333264470764,2.3122992270921348,2.3122992270921348
194,7.189604245306626,Granuleux,060525-JPB-MEB-EIHNValves-Ech1-ZigZag20033.tif,6.545438596491228,7.673313230312624,-1.1278746338213963,1.1278746338213963
205,7.528456570402915,Granuleux,060525-JPB-MEB-EIHNValves-Ech1-ZigZag20033.tif,10.103106588109265,9.072225859481597,1.03088072862767,1.03088072862767
206,8.221044058306145,Granuleux,060525-JPB-MEB-EIHNValves-Ech1-ZigZag20033.tif,10.591814573504085,9.537178652220016,1.0546359212840688,1.0546359212840688
222,8.087651029205393,Granuleux,060525-JPB-MEB-EIHNValves-Ech1-ZigZag20033.tif,8.815330452872455,8.648313092123018,0.1670173607494369,0.1670173607494369
227,8.57969222707672,Granuleux,060525-JPB-MEB-EIHNValves-Ech1-ZigZag20033.tif,5.462126783350492,6.6294413494047095,-1.167314566054218,1.167314566054218
303,7.340318872434358,Sableux,060525-JPB-MEB-EIHNValves-Ech1-ZigZag20047.tif,6.108654926938929,5.693439825544484,0.4152151013944447,0.4152151013944447
304,7.325816871648753,Sableux,060525-JPB-MEB-EIHNValves-Ech1-ZigZag20047.tif,6.0655905190028605,5.533950319263589,0.5316401997392717,0.5316401997392717
309,6.488602089174407,Sableux,060525-JPB-MEB-EIHNValves-Ech1-ZigZag20047.tif,6.278125514742216,6.198455329717422,0.0796701850247938,0.0796701850247938
340,7.002609851032895,Sableux,060525-JPB-MEB-EIHNValves-Ech1-ZigZag20047.tif,7.650201244054154,7.223944626163765,0.426256617890389,0.426256617890389
360,8.452338466444361,Sableux,060525-JPB-MEB-EIHNValves-Ech1-ZigZag20066.tif,7.786032388663967,8.805255918398924,-1.0192235297349566,1.0192235297349566
361,7.359220264862663,Sableux,060525-JPB-MEB-EIHNValves-Ech1-ZigZag20066.tif,7.263254551261575,7.877698898108235,-0.6144443468466605,0.6144443468466605
362,8.020914791706128,Sableux,060525-JPB-MEB-EIHNValves-Ech1-ZigZag20066.tif,7.929464423522148,8.85583506501004,-0.9263706414878924,0.9263706414878924
363,8.221895105879687,Sableux,060525-JPB-MEB-EIHNValves-Ech1-ZigZag20066.tif,8.628234582829503,8.632762630078869,-0.0045280472493658,0.0045280472493658
364,7.605727626566687,Sableux,060525-JPB-MEB-EIHNValves-Ech1-ZigZag20066.tif,3.939441166648113,5.812420782021715,-1.8729796153736025,1.8729796153736025
369,6.353405524449525,Sableux,060525-JPB-MEB-EIHNValves-Ech1-ZigZag20066.tif,6.733690074769096,7.7971034510806545,-1.0634133763115583,1.0634133763115583
370,6.28022859915907,Sableux,060525-JPB-MEB-EIHNValves-Ech1-ZigZag20066.tif,5.971487082545684,5.740865065177541,0.2306220173681428,0.2306220173681428
371,6.370083054070277,Sableux,060525-JPB-MEB-EIHNValves-Ech1-ZigZag20066.tif,4.650867380794388,5.139620134664809,-0.488752753870421,0.488752753870421
372,7.2839791038094095,Sableux,060525-JPB-MEB-EIHNValves-Ech1-ZigZag20066.tif,9.49889588163851,7.932498277676724,1.5663976039617866,1.5663976039617866
373,5.965718030957668,Sableux,060525-JPB-MEB-EIHNValves-Ech1-ZigZag20066.tif,5.733443937508642,5.7445725838461135,-0.0111286463374717,0.0111286463374717
374,6.791281892257567,Sableux,060525-JPB-MEB-EIHNValves-Ech1-ZigZag20066.tif,8.320739549839228,6.972884821892002,1.347854727947226,1.347854727947226
375,7.133002238806349,Sableux,060525-JPB-MEB-EIHNValves-Ech1-ZigZag20066.tif,7.909370816599733,7.867846255641138,0.041524560958595,0.041524560958595
376,7.438787510140509,Sableux,060525-JPB-MEB-EIHNValves-Ech1-ZigZag20066.tif,5.353014900431694,5.960761828718068,-0.6077469282863746,0.6077469282863746
378,8.048313643408736,Sableux,060525-JPB-MEB-EIHNValves-Ech1-ZigZag20066.tif,4.141321704950252,6.593732093676794,-2.452410388726541,2.452410388726541
379,7.206730662089733,Sableux,060525-JPB-MEB-EIHNValves-Ech1-ZigZag20066.tif,4.959170305676856,5.957275710445962,-0.998105404769106,0.998105404769106
380,7.797949596521219,Sableux,060525-JPB-MEB-EIHNValves-Ech1-ZigZag20066.tif,6.105790500975926,7.007633661589378,-0.9018431606134518,0.9018431606134518
381,6.770798857470397,Sableux,060525-JPB-MEB-EIHNValves-Ech1-ZigZag20066.tif,6.4164214243672735,6.486002423702878,-0.0695809993356046,0.0695809993356046
382,7.0540934480273645,Sableux,060525-JPB-MEB-EIHNValves-Ech1-ZigZag20066.tif,6.301128606534996,6.797210420983838,-0.4960818144488419,0.4960818144488419
383,7.711407708009483,Sableux,060525-JPB-MEB-EIHNValves-Ech1-ZigZag20066.tif,7.365714899098326,7.865271693159621,-0.499556794061295,0.499556794061295
384,8.689881840815247,Granuleux,060525-JPB-MEB-EIHNValves-Ech1-ZigZag20066.tif,10.536309723620905,9.68670071122995,0.849609012390955,0.849609012390955
385,7.4732810114210535,Sableux,060525-JPB-MEB-EIHNValves-Ech1-ZigZag20066.tif,6.86771944216571,7.069162678713015,-0.2014432365473046,0.2014432365473046
386,6.91567916545661,Sableux,060525-JPB-MEB-EIHNValves-Ech1-ZigZag20066.tif,6.560638895577494,5.842412933061098,0.7182259625163958,0.7182259625163958
387,8.25191035143907,Sableux,060525-JPB-MEB-EIHNValves-Ech1-ZigZag20066.tif,6.844002423263326,7.3831712791876605,-0.5391688559243342,0.5391688559243342
390,8.056149747052173,Granuleux,060525-JPB-MEB-EIHNValves-Ech1-ZigZag20066.tif,5.46017937219731,6.917999254940336,-1.457819882743025,1.457819882743025
391,9.480588564570102,Granuleux,060525-JPB-MEB-EIHNValves-Ech1-ZigZag20066.tif,6.454414102008381,7.023374372933374,-0.5689602709249932,0.5689602709249932
392,8.609685141256756,Granuleux,060525-JPB-MEB-EIHNValves-Ech1-ZigZag20066.tif,7.79622641509434,7.643241607057665,0.1529848080366749,0.1529848080366749
393,7.403519775748419,Granuleux,060525-JPB-MEB-EIHNValves-Ech1-ZigZag20066.tif,6.605749316543783,7.216457297992065,-0.6107079814482823,0.6107079814482823
394,8.618540918472696,Sableux,060525-JPB-MEB-EIHNValves-Ech1-ZigZag20066.tif,6.9094152731920335,6.747172619707262,0.1622426534847711,0.1622426534847711
395,8.209453377674738,Sableux,060525-JPB-MEB-EIHNValves-Ech1-ZigZag20066.tif,6.4914691943127965,6.515835334009725,-0.0243661396969283,0.0243661396969283
396,7.906348629524471,Sableux,060525-JPB-MEB-EIHNValves-Ech1-ZigZag20066.tif,6.51237371396793,6.576385261309467,-0.0640115473415363,0.0640115473415363
397,7.146552426275709,Sableux,060525-JPB-MEB-EIHNValves-Ech1-ZigZag20066.tif,5.441018766756033,5.596994748752096,-0.1559759819960628,0.1559759819960628
401,7.699863817747069,Granuleux,060525-JPB-MEB-EIHNValves-Ech1-ZigZag20066.tif,6.255979178390545,6.56692462293295,-0.3109454445424049,0.3109454445424049
402,7.842530936867529,Granuleux,060525-JPB-MEB-EIHNValves-Ech1-ZigZag20066.tif,6.8386264792151295,6.99342781395144,-0.1548013347363106,0.1548013347363106
403,7.842362861847102,Granuleux,060525-JPB-MEB-EIHNValves-Ech1-ZigZag20066.tif,4.971158526691546,6.351299031721613,-1.3801405050300666,1.3801405050300666
404,8.725003540612999,Granuleux,060525-JPB-MEB-EIHNValves-Ech1-ZigZag20066.tif,4.428517753146722,5.252483588230032,-0.8239658350833095,0.8239658350833095
405,7.980727217030797,Granuleux,060525-JPB-MEB-EIHNValves-Ech1-ZigZag20066.tif,5.654350066244664,5.790144943349207,-0.1357948771045425,0.1357948771045425
406,7.743053222603725,Sableux,060525-JPB-MEB-EIHNValves-Ech1-ZigZag20066.tif,5.941283648759844,5.0643172861845045,0.8769663625753399,0.8769663625753399
407,7.632762117681015,Sableux,060525-JPB-MEB-EIHNValves-Ech1-ZigZag20066.tif,5.010444385311335,5.933529481519996,-0.92308509620866,0.92308509620866
410,8.167133129501993,Granuleux,060525-JPB-MEB-EIHNValves-Ech1-ZigZag20066.tif,5.191063921526355,6.399834473318851,-1.2087705517924956,1.2087705517924956
411,7.937868662237641,Granuleux,060525-JPB-MEB-EIHNValves-Ech1-ZigZag20066.tif,5.4132580382580375,6.179446094932955,-0.7661880566749177,0.7661880566749177
412,7.347826628980258,Granuleux,060525-JPB-MEB-EIHNValves-Ech1-ZigZag20066.tif,4.300276715227477,5.211477432652891,-0.9112007174254142,0.9112007174254142
413,7.163897194259028,Sableux,060525-JPB-MEB-EIHNValves-Ech1-ZigZag20066.tif,5.575530442804428,5.239054702547739,0.3364757402566889,0.3364757402566889
417,7.7021589152856516,Sableux,060525-JPB-MEB-EIHNValves-Ech1-ZigZag20066.tif,6.831268831603616,8.088455444504554,-1.257186612900938,1.257186612900938
418,7.915611589168469,Sableux,060525-JPB-MEB-EIHNValves-Ech1-ZigZag20066.tif,7.186433536970719,6.942423107702092,0.2440104292686262,0.2440104292686262
545,8.693825022330698,Granuleux,060525-JPB-MEB-EIHNValves-Ech2-ZigZag0037.tif,8.886859781696053,8.71644573734987,0.1704140443461828,0.1704140443461828
596,8.670216588104317,Granuleux,060525-JPB-MEB-EIHNValves-Ech2-ZigZag0042.tif,10.890770200031504,8.600485599298226,2.290284600733278,2.290284600733278
597,8.653268984532883,Granuleux,060525-JPB-MEB-EIHNValves-Ech2-ZigZag0042.tif,7.64349710982659,8.29558617210002,-0.6520890622734301,0.6520890622734301
598,9.716177983307915,Granuleux,060525-JPB-MEB-EIHNValves-Ech2-ZigZag0042.tif,8.305506458191704,8.640474592252417,-0.3349681340607127,0.3349681340607127
599,8.270859034587643,Granuleux,060525-JPB-MEB-EIHNValves-Ech2-ZigZag0042.tif,8.33276827830189,9.70122115930502,-1.3684528810031311,1.3684528810031311
600,9.104204254518924,Granuleux,060525-JPB-MEB-EIHNValves-Ech2-ZigZag0042.tif,6.944345941686367,8.4891076212388,-1.5447616795524324,1.5447616795524324
601,9.022165915895519,Granuleux,060525-JPB-MEB-EIHNValves-Ech2-ZigZag0042.tif,7.998160173160172,7.477297662946044,0.520862510214128,0.520862510214128
602,9.407350441297293,Granuleux,060525-JPB-MEB-EIHNValves-Ech2-ZigZag0042.tif,7.603530735687157,9.122763762822228,-1.519233027135071,1.519233027135071
603,8.407690830791067,Granuleux,060525-JPB-MEB-EIHNValves-Ech2-ZigZag0042.tif,8.147661706650469,8.068179565146679,0.0794821415037905,0.0794821415037905
604,9.16912473438169,Granuleux,060525-JPB-MEB-EIHNValves-Ech2-ZigZag0042.tif,8.388389591388858,8.492447293959847,-0.104057702570989,0.104057702570989
605,8.81882016344798,Granuleux,060525-JPB-MEB-EIHNValves-Ech2-ZigZag0042.tif,9.698905596583325,8.237533900450119,1.461371696133206,1.461371696133206
606,7.822005376189071,Granuleux,060525-JPB-MEB-EIHNValves-Ech2-ZigZag0042.tif,8.11107647547797,8.083181032843582,0.0278954426343887,0.0278954426343887
607,8.650541031917399,Granuleux,060525-JPB-MEB-EIHNValves-Ech2-ZigZag0042.tif,8.469000729394605,8.092500988522751,0.3764997408718535,0.3764997408718535
608,8.784428687210646,Granuleux,060525-JPB-MEB-EIHNValves-Ech2-ZigZag0042.tif,5.473883070396394,7.016523835395917,-1.5426407649995229,1.5426407649995229
609,7.429312615132149,Granuleux,060525-JPB-MEB-EIHNValves-Ech2-ZigZag0042.tif,5.868933669185559,5.082345804924949,0.7865878642606097,0.7865878642606097
610,9.047947307820618,Granuleux,060525-JPB-MEB-EIHNValves-Ech2-ZigZag0042.tif,6.667227909482758,8.448167705029235,-1.7809397955464767,1.7809397955464767
611,9.362824857603627,Granuleux,060525-JPB-MEB-EIHNValves-Ech2-ZigZag0042.tif,8.642872117400419,9.336743241807088,-0.6938711244066695,0.6938711244066695
612,8.679793400537799,Granuleux,060525-JPB-MEB-EIHNValves-Ech2-ZigZag0042.tif,4.099169213139802,6.556022643054337,-2.456853429914536,2.456853429914536
613,8.887717515397634,Granuleux,060525-JPB-MEB-EIHNValves-Ech2-ZigZag0042.tif,7.338530287984111,7.958845306687187,-0.6203150187030761,0.6203150187030761
614,7.632777855346176,Granuleux,060525-JPB-MEB-EIHNValves-Ech2-ZigZag0042.tif,5.827050053248139,7.271226437407059,-1.4441763841589204,1.4441763841589204
615,8.221112170561012,Granuleux,060525-JPB-MEB-EIHNValves-Ech2-ZigZag0042.tif,8.570902282884408,8.087316967798053,0.4835853150863549,0.4835853150863549
616,8.234719737490874,Granuleux,060525-JPB-MEB-EIHNValves-Ech2-ZigZag0042.tif,9.026301407296078,8.827063515756016,0.1992378915400614,0.1992378915400614
617,8.457179455119318,Granuleux,060525-JPB-MEB-EIHNValves-Ech2-ZigZag0042.tif,10.22027011560032,11.246955865325582,-1.026685749725262,1.026685749725262
618,8.510402455484748,Granuleux,060525-JPB-MEB-EIHNValves-Ech2-ZigZag0042.tif,7.386639315019622,8.30731428518399,-0.9206749701643684,0.9206749701643684
619,8.89020617647176,Granuleux,060525-JPB-MEB-EIHNValves-Ech2-ZigZag0042.tif,6.687847813742192,8.06785720762192,-1.380009393879727,1.380009393879727
620,8.337885002567903,Granuleux,060525-JPB-MEB-EIHNValves-Ech2-ZigZag0042.tif,8.63575717144763,7.969749618985192,0.6660075524624371,0.6660075524624371
621,8.594753463441412,Granuleux,060525-JPB-MEB-EIHNValves-Ech2-ZigZag0042.tif,8.797157469077069,9.281757628852958,-0.4846001597758889,0.4846001597758889
622,8.500948013381906,Granuleux,060525-JPB-MEB-EIHNValves-Ech2-ZigZag0042.tif,9.812118570183088,9.577713257482891,0.2344053127001952,0.2344053127001952
623,7.538873862266579,Granuleux,060525-JPB-MEB-EIHNValves-Ech2-ZigZag0042.tif,8.080515521064301,6.896515770085477,1.183999750978824,1.183999750978824
624,7.822796379608255,Granuleux,060525-JPB-MEB-EIHNValves-Ech2-ZigZag0042.tif,5.387096774193548,6.732545462130738,-1.34544868793719,1.34544868793719
625,8.047248666088711,Granuleux,060525-JPB-MEB-EIHNValves-Ech2-ZigZag0042.tif,5.669064305914177,6.277271315056756,-0.6082070091425784,0.6082070091425784
642,7.959572703640201,Granuleux,060525-JPB-MEB-EIHNValves-Ech2-ZigZag0042.tif,7.8534253850239,7.920735727951129,-0.0673103429272288,0.0673103429272288
643,7.991572686480717,Granuleux,060525-JPB-MEB-EIHNValves-Ech2-ZigZag0042.tif,12.356875876031774,8.91515542585113,3.441720450180643,3.441720450180643
644,7.789276002736659,Granuleux,060525-JPB-MEB-EIHNValves-Ech2-ZigZag0042.tif,9.634275882704967,8.04883095510811,1.585444927596857,1.585444927596857
645,7.7162201438023175,Granuleux,060525-JPB-MEB-EIHNValves-Ech2-ZigZag0042.tif,6.853376172990617,8.334021918861733,-1.480645745871116,1.480645745871116
646,8.503788304488118,Granuleux,060525-JPB-MEB-EIHNValves-Ech2-ZigZag0042.tif,7.82299546142209,7.586504910846855,0.2364905505752341,0.2364905505752341
647,7.106597971908561,Granuleux,060525-JPB-MEB-EIHNValves-Ech2-ZigZag0042.tif,7.485328335056877,7.391909938322959,0.0934183967339183,0.0934183967339183
648,8.349216525173063,Granuleux,060525-JPB-MEB-EIHNValves-Ech2-ZigZag0042.tif,7.869324758842443,8.360763335475463,-0.49143857663302,0.49143857663302
649,7.368387492794255,Granuleux,060525-JPB-MEB-EIHNValves-Ech2-ZigZag0042.tif,7.527636773829668,7.370226421017982,0.1574103528116861,0.1574103528116861
650,8.4527925671679,Granuleux,060525-JPB-MEB-EIHNValves-Ech2-ZigZag0042.tif,7.504337671004336,8.320484933046892,-0.8161472620425556,0.8161472620425556
651,8.021929387346068,Granuleux,060525-JPB-MEB-EIHNValves-Ech2-ZigZag0042.tif,8.855280871374372,9.80290100893676,-0.9476201375623888,0.9476201375623888
652,8.358830030612987,Granuleux,060525-JPB-MEB-EIHNValves-Ech2-ZigZag0042.tif,9.556059767570556,9.628293281114686,-0.0722335135441305,0.0722335135441305
653,7.367537390161436,Granuleux,060525-JPB-MEB-EIHNValves-Ech2-ZigZag0042.tif,7.94953795977532,8.668483302641189,-0.7189453428658688,0.7189453428658688
654,7.961006217993651,Sableux,060525-JPB-MEB-EIHNValves-Ech2-ZigZag0042.tif,8.227178661761323,8.945407196319193,-0.7182285345578698,0.7182285345578698
655,7.8151734462536355,Sableux,060525-JPB-MEB-EIHNValves-Ech2-ZigZag0042.tif,6.452574865305101,8.163236690929295,-1.7106618256241948,1.7106618256241948
956,8.587891558121635,Sableux,060525-JPB-MEB-EIHNValves-Ech3-ZigZag0030.tif,9.023897739903669,10.048222891098948,-1.0243251511952778,1.0243251511952778
957,8.484390912340771,Sableux,060525-JPB-MEB-EIHNValves-Ech3-ZigZag0030.tif,7.606239999999999,7.84394479137441,-0.2377047913744112,0.2377047913744112
958,9.00840396935923,Sableux,060525-JPB-MEB-EIHNValves-Ech3-ZigZag0030.tif,11.009911361804996,8.90872815485844,2.101183206946555,2.101183206946555
959,8.301121593176799,Sableux,060525-JPB-MEB-EIHNValves-Ech3-ZigZag0030.tif,8.132727272727273,7.936235625515502,0.1964916472117703,0.1964916472117703
962,7.630815709829429,Sableux,060525-JPB-MEB-EIHNValves-Ech3-ZigZag0030.tif,5.702086208296128,5.37962049778606,0.3224657105100679,0.3224657105100679
963,7.865141490262319,Sableux,060525-JPB-MEB-EIHNValves-Ech3-ZigZag0030.tif,6.191025253288976,6.101525864665251,0.0894993886237252,0.0894993886237252
964,7.354246899514663,Sableux,060525-JPB-MEB-EIHNValves-Ech3-ZigZag0030.tif,7.038101958017286,6.149461989770667,0.8886399682466193,0.8886399682466193
965,8.127510291847418,Sableux,060525-JPB-MEB-EIHNValves-Ech3-ZigZag0030.tif,10.92597593911122,10.42900898405944,0.4969669550517803,0.4969669550517803
966,8.578865931539363,Sableux,060525-JPB-MEB-EIHNValves-Ech3-ZigZag0030.tif,7.865567216391803,9.837792358614552,-1.972225142222749,1.972225142222749
967,9.129709585522116,Sableux,060525-JPB-MEB-EIHNValves-Ech3-ZigZag0030.tif,9.285305144761509,9.57223346655208,-0.2869283217905707,0.2869283217905707
969,7.87785685818301,Sableux,060525-JPB-MEB-EIHNValves-Ech3-ZigZag0030.tif,6.66660538314458,7.322278559223192,-0.6556731760786123,0.6556731760786123
970,7.54188448671186,Sableux,060525-JPB-MEB-EIHNValves-Ech3-ZigZag0030.tif,7.861153134980669,6.930425123404636,0.9307280115760328,0.9307280115760328
971,6.963054863216374,Sableux,060525-JPB-MEB-EIHNValves-Ech3-ZigZag0030.tif,6.808466369070137,6.805565990914708,0.002900378155429,0.002900378155429
972,7.475555590826718,Sableux,060525-JPB-MEB-EIHNValves-Ech3-ZigZag0030.tif,7.411128526645768,6.992941565867317,0.4181869607784509,0.4181869607784509
973,6.818255282233265,Sableux,060525-JPB-MEB-EIHNValves-Ech3-ZigZag0030.tif,8.323317447402067,6.571735639825695,1.7515818075763718,1.7515818075763718
974,7.616536642487558,Sableux,060525-JPB-MEB-EIHNValves-Ech3-ZigZag0030.tif,8.334739263803684,8.61784543129565,-0.283106167491967,0.283106167491967
975,7.869212289015319,Sableux,060525-JPB-MEB-EIHNValves-Ech3-ZigZag0030.tif,9.569960346362388,10.052333200617923,-0.4823728542555372,0.4823728542555372
976,8.298257618997617,Sableux,060525-JPB-MEB-EIHNValves-Ech3-ZigZag0030.tif,8.465802987861812,8.862450012679133,-0.3966470248173213,0.3966470248173213
977,9.539168529387103,Sableux,060525-JPB-MEB-EIHNValves-Ech3-ZigZag0030.tif,7.714131815921772,9.25405167722536,-1.5399198613035887,1.5399198613035887
978,8.806897185807939,Sableux,060525-JPB-MEB-EIHNValves-Ech3-ZigZag0030.tif,6.420133538777606,8.285991666132288,-1.8658581273546817,1.8658581273546817
979,8.537330110784591,Sableux,060525-JPB-MEB-EIHNValves-Ech3-ZigZag0030.tif,9.000334128878283,8.081810416381776,0.9185237124965068,0.9185237124965068
980,8.487769415711867,Sableux,060525-JPB-MEB-EIHNValves-Ech3-ZigZag0030.tif,8.402799079754601,7.739301549986978,0.6634975297676231,0.6634975297676231
981,7.8483537613118,Sableux,060525-JPB-MEB-EIHNValves-Ech3-ZigZag0030.tif,9.20133779264214,8.093305542941208,1.1080322497009316,1.1080322497009316
982,7.58716015798632,Sableux,060525-JPB-MEB-EIHNValves-Ech3-ZigZag0030.tif,8.459282239300572,7.123285960747517,1.335996278553055,1.335996278553055
987,8.074691056959752,Sableux,060525-JPB-MEB-EIHNValves-Ech3-ZigZag0030.tif,9.328593673168331,7.700246483842934,1.6283471893253978,1.6283471893253978
995,9.016534478583367,Sableux,060525-JPB-MEB-EIHNValves-Ech3-ZigZag0030.tif,8.867135511191773,10.33056060812127,-1.4634250969294982,1.4634250969294982
1173,7.925354658645006,Sableux,060525-JPB-MEB-EIHNValves-Ech3-ZigZag0045.tif,6.957587517820372,8.63248510061466,-1.674897582794289,1.674897582794289
1183,8.028865595812249,Sableux,060525-JPB-MEB-EIHNValves-Ech3-ZigZag0045.tif,5.942433493240298,6.434652878074205,-0.4922193848339073,0.4922193848339073
1289,6.228041865160296,Sableux,060525-JPB-MEB-EIHNValves-Ech3-ZigZag0050.tif,4.973136838378474,4.747020021229596,0.2261168171488785,0.2261168171488785
1290,7.841517945416343,Sableux,060525-JPB-MEB-EIHNValves-Ech3-ZigZag0050.tif,5.00582698341551,5.392541839951267,-0.3867148565357574,0.3867148565357574
1291,6.546128570306802,Sableux,060525-JPB-MEB-EIHNValves-Ech3-ZigZag0050.tif,3.9206499382969966,3.836774061461864,0.0838758768351328,0.0838758768351328
1292,7.040182333897429,Sableux,060525-JPB-MEB-EIHNValves-Ech3-ZigZag0050.tif,4.771825773391536,5.833150333895626,-1.0613245605040893,1.0613245605040893
1293,7.977476524515213,Sableux,060525-JPB-MEB-EIHNValves-Ech3-ZigZag0050.tif,4.689450474898236,6.114617439857582,-1.425166964959346,1.425166964959346
1294,6.736259625410889,Sableux,060525-JPB-MEB-EIHNValves-Ech3-ZigZag0050.tif,5.320827232796487,4.851948092006137,0.4688791407903503,0.4688791407903503
1295,6.473085740578932,Sableux,060525-JPB-MEB-EIHNValves-Ech3-ZigZag0050.tif,4.355423280423279,4.4714077160553085,-0.1159844356320292,0.1159844356320292
1296,6.539882573389795,Sableux,060525-JPB-MEB-EIHNValves-Ech3-ZigZag0050.tif,5.930380613362541,4.834285596517113,1.096095016845427,1.096095016845427
1298,7.0627246187858645,Sableux,060525-JPB-MEB-EIHNValves-Ech3-ZigZag0050.tif,5.532181623604953,6.068788015983529,-0.5366063923785758,0.5366063923785758
1299,7.009871407676455,Sableux,060525-JPB-MEB-EIHNValves-Ech3-ZigZag0050.tif,4.227733704097489,4.840728574001955,-0.6129948699044654,0.6129948699044654
1300,7.616195095837215,Sableux,060525-JPB-MEB-EIHNValves-Ech3-ZigZag0050.tif,5.67663273960984,5.751895254800747,-0.0752625151909072,0.0752625151909072
1301,7.299957651649803,Sableux,060525-JPB-MEB-EIHNValves-Ech3-ZigZag0050.tif,4.299637226175527,5.318294017697095,-1.0186567915215683,1.0186567915215683
1302,6.8359915802463425,Sableux,060525-JPB-MEB-EIHNValves-Ech3-ZigZag0050.tif,4.7404554588077685,5.14075960609124,-0.4003041472834718,0.4003041472834718
1303,7.400018403107361,Sableux,060525-JPB-MEB-EIHNValves-Ech3-ZigZag0050.tif,5.119768757069246,5.345005336476246,-0.2252365794070003,0.2252365794070003
1304,7.874710947993426,Sableux,060525-JPB-MEB-EIHNValves-Ech3-ZigZag0050.tif,4.996406893183561,6.243815169507343,-1.2474082763237817,1.2474082763237817
1305,6.3997532908329084,Sableux,060525-JPB-MEB-EIHNValves-Ech3-ZigZag0050.tif,4.468231501140205,6.049689113742236,-1.5814576126020308,1.5814576126020308
1306,6.445516961388225,Sableux,060525-JPB-MEB-EIHNValves-Ech3-ZigZag0050.tif,4.311873660930265,5.360682212722122,-1.0488085517918575,1.0488085517918575
1308,7.96343323129959,Sableux,060525-JPB-MEB-EIHNValves-Ech3-ZigZag0050.tif,5.513530601922102,5.844802827339099,-0.3312722254169973,0.3312722254169973
1338,6.728910496639298,Sableux,060525-JPB-MEB-EIHNValves-Ech3-ZigZag0053.tif,4.760465505693235,4.530755319711773,0.2297101859814621,0.2297101859814621
1339,7.894653240035795,Sableux,060525-JPB-MEB-EIHNValves-Ech3-ZigZag0053.tif,6.275049504950495,5.861602508758677,0.4134469961918174,0.4134469961918174
1340,7.709774460842036,Sableux,060525-JPB-MEB-EIHNValves-Ech3-ZigZag0053.tif,6.381716154118062,5.73007822378967,0.6516379303283921,0.6516379303283921
1341,6.341661437320113,Sableux,060525-JPB-MEB-EIHNValves-Ech3-ZigZag0053.tif,4.705874335559493,4.775221888508868,-0.0693475529493747,0.0693475529493747
1342,6.996821590526463,Sableux,060525-JPB-MEB-EIHNValves-Ech3-ZigZag0053.tif,5.527247299382716,5.789402670978581,-0.2621553715958651,0.2621553715958651
1343,7.120602094983139,Sableux,060525-JPB-MEB-EIHNValves-Ech3-ZigZag0053.tif,4.611331849968214,3.902748676630423,0.7085831733377912,0.7085831733377912
1344,6.673966109570283,Sableux,060525-JPB-MEB-EIHNValves-Ech3-ZigZag0053.tif,6.58485865915737,4.424603210287133,2.160255448870237,2.160255448870237
1345,7.885723688213238,Sableux,060525-JPB-MEB-EIHNValves-Ech3-ZigZag0053.tif,5.217587105949279,4.604946795084688,0.6126403108645908,0.6126403108645908
1346,7.377949898948562,Sableux,060525-JPB-MEB-EIHNValves-Ech3-ZigZag0053.tif,5.005959879833316,4.944902565318948,0.0610573145143682,0.0610573145143682
1347,9.332984518042403,Sableux,060525-JPB-MEB-EIHNValves-Ech3-ZigZag0053.tif,9.904232347225223,6.72707347703518,3.177158870190043,3.177158870190043
1348,7.135179681841004,Sableux,060525-JPB-MEB-EIHNValves-Ech3-ZigZag0053.tif,4.478697033077698,4.474875261271618,0.0038217718060806,0.0038217718060806
1349,7.629207046811098,Sableux,060525-JPB-MEB-EIHNValves-Ech3-ZigZag0053.tif,4.9156601981272905,4.500489236646061,0.4151709614812295,0.4151709614812295
1350,6.859225666189418,Sableux,060525-JPB-MEB-EIHNValves-Ech3-ZigZag0053.tif,5.708760637137246,5.209718450739915,0.4990421863973306,0.4990421863973306
1351,6.541422789639014,Sableux,060525-JPB-MEB-EIHNValves-Ech3-ZigZag0053.tif,4.731732917992821,4.155416097780008,0.5763168202128135,0.5763168202128135
1352,6.740588536650407,Sableux,060525-JPB-MEB-EIHNValves-Ech3-ZigZag0053.tif,4.443102104442712,4.366978064037525,0.0761240404051868,0.0761240404051868
1353,7.179740599024885,Sableux,060525-JPB-MEB-EIHNValves-Ech3-ZigZag0053.tif,5.687275341480948,5.983792833910101,-0.2965174924291531,0.2965174924291531
1354,8.318011449907974,Sableux,060525-JPB-MEB-EIHNValves-Ech3-ZigZag0053.tif,6.366937391578615,5.865795642917249,0.5011417486613663,0.5011417486613663
1355,8.610064100246426,Sableux,060525-JPB-MEB-EIHNValves-Ech3-ZigZag0053.tif,6.322565395524742,5.820032826649323,0.5025325688754192,0.5025325688754192
1356,6.976417912908382,Sableux,060525-JPB-MEB-EIHNValves-Ech3-ZigZag0053.tif,4.371752750611247,4.661784614157909,-0.2900318635466625,0.2900318635466625
1357,7.45541391864782,Sableux,060525-JPB-MEB-EIHNValves-Ech3-ZigZag0053.tif,4.986414627039627,5.653615830741726,-0.6672012037020991,0.6672012037020991
1358,6.617611368780404,Sableux,060525-JPB-MEB-EIHNValves-Ech3-ZigZag0053.tif,4.818544366899302,4.826256641251883,-0.0077122743525803,0.0077122743525803
1359,6.847668142630262,Sableux,060525-JPB-MEB-EIHNValves-Ech3-ZigZag0053.tif,4.78965394220478,4.477716073294773,0.3119378689100074,0.3119378689100074
1360,6.836285208166215,Sableux,060525-JPB-MEB-EIHNValves-Ech3-ZigZag0053.tif,5.290602456619225,4.817121099059285,0.4734813575599395,0.4734813575599395
1361,7.136883723470134,Sableux,060525-JPB-MEB-EIHNValves-Ech3-ZigZag0053.tif,4.899932840832774,4.883253706844385,0.0166791339883891,0.0166791339883891
1362,6.739389458967099,Sableux,060525-JPB-MEB-EIHNValves-Ech3-ZigZag0053.tif,5.085359054415699,4.762161271822205,0.3231977825934944,0.3231977825934944
1363,6.664774103629455,Sableux,060525-JPB-MEB-EIHNValves-Ech3-ZigZag0053.tif,5.383666524883029,5.141028884172608,0.2426376407104209,0.2426376407104209
1364,6.473823726167712,Sableux,060525-JPB-MEB-EIHNValves-Ech3-ZigZag0053.tif,5.374460312188642,4.246134720640566,1.1283255915480757,1.1283255915480757
1365,6.5877250890470656,Sableux,060525-JPB-MEB-EIHNValves-Ech3-ZigZag0053.tif,5.099418242260545,4.211060230982771,0.8883580112777736,0.8883580112777736
1366,6.455083245409378,Sableux,060525-JPB-MEB-EIHNValves-Ech3-ZigZag0053.tif,5.132959354394253,4.190890291932059,0.9420690624621936,0.9420690624621936
1367,6.976263611631397,Sableux,060525-JPB-MEB-EIHNValves-Ech3-ZigZag0053.tif,5.689485284584467,4.952320051212332,0.737165233372135,0.737165233372135
1368,6.889801378266356,Sableux,060525-JPB-MEB-EIHNValves-Ech3-ZigZag0053.tif,5.720731998092514,4.819973074024926,0.9007589240675884,0.9007589240675884
1369,6.618399520014181,Sableux,060525-JPB-MEB-EIHNValves-Ech3-ZigZag0053.tif,5.366392543859648,4.585448341064987,0.7809442027946609,0.7809442027946609
1370,6.276855271409879,Sableux,060525-JPB-MEB-EIHNValves-Ech3-ZigZag0053.tif,5.242041971233199,4.961728523141363,0.2803134480918361,0.2803134480918361
1371,6.519701154991334,Sableux,060525-JPB-MEB-EIHNValves-Ech3-ZigZag0053.tif,4.859398125308338,4.496501363371428,0.3628967619369101,0.3628967619369101
1372,6.103554813113641,Sableux,060525-JPB-MEB-EIHNValves-Ech3-ZigZag0053.tif,4.705891238670695,4.010512761789581,0.695378476881114,0.695378476881114
1401,8.464717227254926,Granuleux,060525-JPB-MEB-EIHNValves-Ech3-ZigZag0061.tif,9.0797931925894,8.147151576661704,0.9326416159276968,0.9326416159276968
1402,8.429607087679697,Granuleux,060525-JPB-MEB-EIHNValves-Ech3-ZigZag0061.tif,9.716134143121204,9.200841645698103,0.5152924974230988,0.5152924974230988
1416,8.341387367756038,Granuleux,060525-JPB-MEB-EIHNValves-Ech3-ZigZag0061.tif,5.574841315637623,6.024158929982859,-0.4493176143452357,0.4493176143452357
1550,7.828414841954005,Granuleux,060722-Nabila-JP-Valves-WholeMount-SAureus-pat02-28.tif,11.207086469616302,10.188685983522866,1.0184004860934357,1.0184004860934357
1551,8.25927270491446,Granuleux,060722-Nabila-JP-Valves-WholeMount-SAureus-pat02-28.tif,9.646040974529347,11.244855043474342,-1.5988140689449946,1.5988140689449946
1552,8.696444095158796,Granuleux,060722-Nabila-JP-Valves-WholeMount-SAureus-pat02-28.tif,10.095415502431957,9.690230466886003,0.4051850355459514,0.4051850355459514
1553,8.472211095048994,Granuleux,060722-Nabila-JP-Valves-WholeMount-SAureus-pat02-28.tif,9.064173563777995,10.5422143682039,-1.4780408044259057,1.4780408044259057
1554,8.145861737545163,Granuleux,060722-Nabila-JP-Valves-WholeMount-SAureus-pat02-28.tif,10.134365186182144,9.895751494457706,0.2386136917244385,0.2386136917244385
1555,8.197097969955008,Granuleux,060722-Nabila-JP-Valves-WholeMount-SAureus-pat02-28.tif,10.046809964589675,9.437396599036166,0.6094133655535092,0.6094133655535092
1556,7.896625211083905,Granuleux,060722-Nabila-JP-Valves-WholeMount-SAureus-pat02-28.tif,8.291811730048206,8.408295514186783,-0.1164837841385768,0.1164837841385768
1557,8.780775124873902,Granuleux,060722-Nabila-JP-Valves-WholeMount-SAureus-pat02-28.tif,9.10369635326222,8.55372352005702,0.5499728332052012,0.5499728332052012
1558,7.7948440901192795,Granuleux,060722-Nabila-JP-Valves-WholeMount-SAureus-pat02-28.tif,6.209448388858548,6.804928457209829,-0.5954800683512813,0.5954800683512813
1560,7.442320860209705,Granuleux,060722-Nabila-JP-Valves-WholeMount-SAureus-pat02-28.tif,9.550707296319931,9.631888251124934,-0.0811809548050028,0.0811809548050028
1561,7.498116418941023,Granuleux,060722-Nabila-JP-Valves-WholeMount-SAureus-pat02-28.tif,9.108187331536389,9.22531706485642,-0.1171297333200325,0.1171297333200325
1562,7.577151437210574,Granuleux,060722-Nabila-JP-Valves-WholeMount-SAureus-pat02-28.tif,9.062916428707403,8.74011264570376,0.3228037830036427,0.3228037830036427
1563,7.82622340252108,Granuleux,060722-Nabila-JP-Valves-WholeMount-SAureus-pat02-28.tif,10.698687107559326,10.14526269982708,0.5534244077322477,0.5534244077322477
1564,8.360364227428157,Granuleux,060722-Nabila-JP-Valves-WholeMount-SAureus-pat02-28.tif,9.735851546827156,10.593788675611536,-0.8579371287843784,0.8579371287843784
1565,7.572119862773789,Granuleux,060722-Nabila-JP-Valves-WholeMount-SAureus-pat02-28.tif,10.480150462962964,9.000287763390238,1.4798626995727258,1.4798626995727258
1566,7.366491931865127,Granuleux,060722-Nabila-JP-Valves-WholeMount-SAureus-pat02-28.tif,6.906638897459633,8.788014442506931,-1.8813755450472984,1.8813755450472984
1567,6.9773285406879495,Granuleux,060722-Nabila-JP-Valves-WholeMount-SAureus-pat02-28.tif,6.120147795803957,6.912513832635079,-0.7923660368311216,0.7923660368311216
1568,6.17663010015097,Granuleux,060722-Nabila-JP-Valves-WholeMount-SAureus-pat02-28.tif,6.502340499306518,5.949863073806978,0.5524774254995402,0.5524774254995402
1569,8.105513033926355,Granuleux,060722-Nabila-JP-Valves-WholeMount-SAureus-pat02-28.tif,11.368869725495358,9.984857511304032,1.3840122141913265,1.3840122141913265
1570,7.825727561912586,Granuleux,060722-Nabila-JP-Valves-WholeMount-SAureus-pat02-28.tif,7.284345734169602,9.318485001411128,-2.0341392672415264,2.0341392672415264
1571,8.046763693398669,Granuleux,060722-Nabila-JP-Valves-WholeMount-SAureus-pat02-28.tif,8.564554715233832,9.591469362078804,-1.026914646844972,1.026914646844972
1572,8.026667524260302,Granuleux,060722-Nabila-JP-Valves-WholeMount-SAureus-pat02-28.tif,8.618915343915344,9.778691571692924,-1.159776227777579,1.159776227777579
1573,7.883579031197066,Granuleux,060722-Nabila-JP-Valves-WholeMount-SAureus-pat02-28.tif,8.8948221521837,9.465137483420843,-0.5703153312371452,0.5703153312371452
1574,7.299661536015501,Granuleux,060722-Nabila-JP-Valves-WholeMount-SAureus-pat02-28.tif,9.778309025866813,8.968377586121962,0.8099314397448509,0.8099314397448509
1575,8.215240140157173,Granuleux,060722-Nabila-JP-Valves-WholeMount-SAureus-pat02-28.tif,9.103044669975557,8.690457298732447,0.4125873712431094,0.4125873712431094
1576,7.909855927858918,Granuleux,060722-Nabila-JP-Valves-WholeMount-SAureus-pat02-28.tif,9.078073635765945,9.031090750645289,0.0469828851206575,0.0469828851206575
1577,7.293407593860395,Granuleux,060722-Nabila-JP-Valves-WholeMount-SAureus-pat02-28.tif,7.598813946841955,8.57932619774791,-0.9805122509059556,0.9805122509059556
1578,7.346330133670223,Granuleux,060722-Nabila-JP-Valves-WholeMount-SAureus-pat02-28.tif,8.55544593528019,6.960029419391773,1.5954165158884166,1.5954165158884166
1579,7.376557988460629,Granuleux,060722-Nabila-JP-Valves-WholeMount-SAureus-pat02-28.tif,9.88432122370937,8.322102901498372,1.562218322210997,1.562218322210997
1580,8.346552791183049,Granuleux,060722-Nabila-JP-Valves-WholeMount-SAureus-pat02-28.tif,10.558743786714867,10.408315373975116,0.1504284127397515,0.1504284127397515
1581,9.092987997515431,Granuleux,060722-Nabila-JP-Valves-WholeMount-SAureus-pat02-28.tif,8.713264277202308,10.339282713680351,-1.6260184364780432,1.6260184364780432
1582,7.237591358768665,Granuleux,060722-Nabila-JP-Valves-WholeMount-SAureus-pat02-28.tif,8.816466128234712,8.408156071200755,0.4083100570339564,0.4083100570339564
1583,8.440399747889488,Granuleux,060722-Nabila-JP-Valves-WholeMount-SAureus-pat02-28.tif,11.424958011420893,10.24487950943897,1.1800785019819229,1.1800785019819229
1584,8.075747260590143,Granuleux,060722-Nabila-JP-Valves-WholeMount-SAureus-pat02-28.tif,9.51566696508505,9.112135769479991,0.4035311956050584,0.4035311956050584
1585,8.229975934956377,Granuleux,060722-Nabila-JP-Valves-WholeMount-SAureus-pat02-28.tif,7.423344040281274,8.495325572443043,-1.0719815321617698,1.0719815321617698
1586,7.869077930434381,Granuleux,060722-Nabila-JP-Valves-WholeMount-SAureus-pat02-28.tif,9.310745534086765,8.837245624433308,0.4734999096534569,0.4734999096534569
1587,7.19469676111414,Granuleux,060722-Nabila-JP-Valves-WholeMount-SAureus-pat02-28.tif,7.135119887165021,7.652182377531624,-0.5170624903666026,0.5170624903666026
1588,8.62825919339614,Granuleux,060722-Nabila-JP-Valves-WholeMount-SAureus-pat02-28.tif,9.113058186738838,9.04470591848108,0.0683522682577582,0.0683522682577582
1590,8.302518283853905,Granuleux,060722-Nabila-JP-Valves-WholeMount-SAureus-pat02-28.tif,9.63864215168644,10.040690160288612,-0.402048008602172,0.402048008602172
1591,7.632140107257422,Granuleux,060722-Nabila-JP-Valves-WholeMount-SAureus-pat02-28.tif,9.800733411748428,10.09732163178251,-0.2965882200340815,0.2965882200340815
1592,7.6168868679985255,Granuleux,060722-Nabila-JP-Valves-WholeMount-SAureus-pat02-28.tif,9.734795042897998,10.051729233619692,-0.3169341907216942,0.3169341907216942
1593,7.758076242326499,Granuleux,060722-Nabila-JP-Valves-WholeMount-SAureus-pat02-28.tif,10.49506978682036,10.653774433407367,-0.1587046465870063,0.1587046465870063
1594,7.473357220059252,Granuleux,060722-Nabila-JP-Valves-WholeMount-SAureus-pat02-28.tif,9.217288973990748,9.788798389219068,-0.57150941522832,0.57150941522832
1595,7.597730789614833,Granuleux,060722-Nabila-JP-Valves-WholeMount-SAureus-pat02-28.tif,8.247255689424364,9.041774658234653,-0.7945189688102889,0.7945189688102889
1596,7.007797640693061,Granuleux,060722-Nabila-JP-Valves-WholeMount-SAureus-pat02-28.tif,6.532732754288997,7.920710372739421,-1.3879776184504244,1.3879776184504244
1597,8.048558231155594,Granuleux,060722-Nabila-JP-Valves-WholeMount-SAureus-pat02-28.tif,8.850232198142418,9.158471667606726,-0.3082394694643078,0.3082394694643078
1598,7.527770874236741,Granuleux,060722-Nabila-JP-Valves-WholeMount-SAureus-pat02-28.tif,7.294077048563182,9.064439047172684,-1.7703619986095038,1.7703619986095038
1600,7.6650678633620535,Granuleux,060722-Nabila-JP-Valves-WholeMount-SAureus-pat02-28.tif,10.489850535245404,10.324187779541012,0.1656627557043926,0.1656627557043926
1601,6.98141361401163,Granuleux,060722-Nabila-JP-Valves-WholeMount-SAureus-pat02-28.tif,8.83859294790878,9.153079149909834,-0.3144862020010546,0.3144862020010546
1602,7.013357566590207,Granuleux,060722-Nabila-JP-Valves-WholeMount-SAureus-pat02-28.tif,9.18168228024716,10.17849379243389,-0.9968115121867314,0.9968115121867314
1603,7.2989491469285674,Granuleux,060722-Nabila-JP-Valves-WholeMount-SAureus-pat02-28.tif,10.269138914687543,9.97883685063734,0.2903020640502021,0.2903020640502021
1604,7.299770660101245,Granuleux,060722-Nabila-JP-Valves-WholeMount-SAureus-pat02-28.tif,8.983898425308556,9.31820630556796,-0.3343078802594039,0.3343078802594039
1605,8.107323721614977,Granuleux,060722-Nabila-JP-Valves-WholeMount-SAureus-pat02-28.tif,10.160210722032849,10.535159390302717,-0.3749486682698677,0.3749486682698677
1606,7.566671294600935,Granuleux,060722-Nabila-JP-Valves-WholeMount-SAureus-pat02-28.tif,10.274950099800398,10.194999584054646,0.079950515745752,0.079950515745752
1607,8.538315960388125,Granuleux,060722-Nabila-JP-Valves-WholeMount-SAureus-pat02-28.tif,9.69203514739229,10.57811324572478,-0.8860780983324918,0.8860780983324918
1608,6.932829647364601,Sableux,060722-Nabila-JP-Valves-WholeMount-SAureus-pat02-28.tif,6.271487558404869,7.782511145768178,-1.5110235873633098,1.5110235873633098
1609,6.275316520360445,Granuleux,060722-Nabila-JP-Valves-WholeMount-SAureus-pat02-28.tif,6.038934426229508,6.744615399713043,-0.7056809734835348,0.7056809734835348
1610,9.318062525784432,Granuleux,060722-Nabila-JP-Valves-WholeMount-SAureus-pat04-1-22.tif,11.76779780485349,11.114535350660532,0.6532624541929586,0.6532624541929586
1611,7.847543968968705,Granuleux,060722-Nabila-JP-Valves-WholeMount-SAureus-pat04-1-22.tif,9.830789372844553,10.615452797961725,-0.78466342511717,0.78466342511717
1612,9.866977733432728,Granuleux,060722-Nabila-JP-Valves-WholeMount-SAureus-pat04-1-22.tif,10.526083958939788,10.72165048933872,-0.1955665303989331,0.1955665303989331
1615,8.68844430232675,Granuleux,060722-Nabila-JP-Valves-WholeMount-SAureus-pat04-1-22.tif,9.576013264554163,10.287605998732475,-0.7115927341783141,0.7115927341783141
1616,8.383080096589785,Granuleux,060722-Nabila-JP-Valves-WholeMount-SAureus-pat04-1-22.tif,8.936574441956223,10.027265693083834,-1.0906912511276108,1.0906912511276108
1617,8.781143079503178,Granuleux,060722-Nabila-JP-Valves-WholeMount-SAureus-pat04-1-22.tif,8.743167042589889,10.18177500075307,-1.438607958163182,1.438607958163182
1619,9.448124315164216,Granuleux,060722-Nabila-JP-Valves-WholeMount-SAureus-pat04-1-22.tif,11.213620005536589,9.916198494487666,1.2974215110489222,1.2974215110489222
1620,7.792394139659459,Granuleux,060722-Nabila-JP-Valves-WholeMount-SAureus-pat04-1-22.tif,9.693022953377982,9.717000142790194,-0.0239771894122124,0.0239771894122124
1621,8.456857675067525,Granuleux,060722-Nabila-JP-Valves-WholeMount-SAureus-pat04-1-22.tif,12.47537585844212,10.705303979238582,1.770071879203538,1.770071879203538
1622,7.543678041922483,Granuleux,060722-Nabila-JP-Valves-WholeMount-SAureus-pat04-1-22.tif,10.059433962264151,10.025639026634764,0.0337949356293858,0.0337949356293858
1628,9.303752693828734,Granuleux,060722-Nabila-JP-Valves-WholeMount-SAureus-pat04-1-22.tif,13.07410743919207,11.212253605775503,1.861853833416568,1.861853833416568
1629,8.418037736016316,Granuleux,060722-Nabila-JP-Valves-WholeMount-SAureus-pat04-1-22.tif,9.083208752378363,9.692219732783002,-0.6090109804046389,0.6090109804046389
1632,8.663011801771548,Granuleux,060722-Nabila-JP-Valves-WholeMount-SAureus-pat04-1-22.tif,8.415177219024537,10.34409682229225,-1.9289196032677136,1.9289196032677136
1633,7.873312493782228,Granuleux,060722-Nabila-JP-Valves-WholeMount-SAureus-pat04-1-22.tif,9.684377515745608,9.973179572974308,-0.2888020572287004,0.2888020572287004
1634,9.253307287003885,Granuleux,060722-Nabila-JP-Valves-WholeMount-SAureus-pat04-1-22.tif,8.194380002319917,9.936578188514856,-1.7421981861949387,1.7421981861949387
1635,9.024245424031875,Granuleux,060722-Nabila-JP-Valves-WholeMount-SAureus-pat04-1-22.tif,9.294831977141438,10.61929511329114,-1.3244631361497028,1.3244631361497028
1636,8.998791107772673,Granuleux,060722-Nabila-JP-Valves-WholeMount-SAureus-pat04-1-22.tif,9.726086721160613,10.537033530045894,-0.8109468088852818,0.8109468088852818
1637,8.575607863126022,Granuleux,060722-Nabila-JP-Valves-WholeMount-SAureus-pat04-1-22.tif,10.511666461991895,10.382323701120338,0.1293427608715571,0.1293427608715571
1638,8.467579873879144,Granuleux,060722-Nabila-JP-Valves-WholeMount-SAureus-pat04-1-22.tif,10.21579711021099,9.973278017521151,0.2425190926898377,0.2425190926898377
1641,8.757818652228707,Granuleux,060722-Nabila-JP-Valves-WholeMount-SAureus-pat04-1-22.tif,7.748950209958008,9.597191035833417,-1.8482408258754068,1.8482408258754068
1642,9.004713811085871,Granuleux,060722-Nabila-JP-Valves-WholeMount-SAureus-pat04-1-22.tif,9.426341533592288,9.5082054798078,-0.0818639462155115,0.0818639462155115
1645,9.926825166130513,Granuleux,060722-Nabila-JP-Valves-WholeMount-SAureus-pat04-1-22.tif,10.433761762680744,10.241575129762769,0.1921866329179753,0.1921866329179753
1647,9.046589225685167,Granuleux,060722-Nabila-JP-Valves-WholeMount-SAureus-pat04-1-22.tif,10.67435213414634,9.877565096978335,0.7967870371680021,0.7967870371680021
1648,8.832666103139683,Granuleux,060722-Nabila-JP-Valves-WholeMount-SAureus-pat04-1-22.tif,9.311872821379527,8.50727657394916,0.8045962474303678,0.8045962474303678
1649,9.828512073792677,Granuleux,060722-Nabila-JP-Valves-WholeMount-SAureus-pat04-1-22.tif,8.69357341609589,9.468482657675168,-0.7749092415792767,0.7749092415792767
1656,9.672753666546631,Granuleux,060722-Nabila-JP-Valves-WholeMount-SAureus-pat04-1-22.tif,10.609326977356831,9.62600595001143,0.9833210273454008,0.9833210273454008
1659,8.649243113024152,Granuleux,060722-Nabila-JP-Valves-WholeMount-SAureus-pat04-1-22.tif,9.149187239221142,8.79089572486042,0.3582915143607224,0.3582915143607224
1660,8.213326887473118,Granuleux,060722-Nabila-JP-Valves-WholeMount-SAureus-pat04-1-22.tif,8.609367455335585,8.098547746193134,0.5108197091424511,0.5108197091424511
1662,8.720603902517341,Granuleux,060722-Nabila-JP-Valves-WholeMount-SAureus-pat04-1-22.tif,12.039876690533015,9.590830896251353,2.4490457942816626,2.4490457942816626
1663,8.321909367869665,Granuleux,060722-Nabila-JP-Valves-WholeMount-SAureus-pat04-1-22.tif,11.27805198333635,10.539848391046494,0.7382035922898567,0.7382035922898567
1670,8.66274973255476,Granuleux,060722-Nabila-JP-Valves-WholeMount-SAureus-pat04-1-27.tif,9.004884121815746,11.341019886704505,-2.336135764888759,2.336135764888759
1671,8.140743225598516,Granuleux,060722-Nabila-JP-Valves-WholeMount-SAureus-pat04-1-27.tif,11.016989198919893,9.293700516605451,1.7232886823144398,1.7232886823144398
1672,8.76483512609649,Granuleux,060722-Nabila-JP-Valves-WholeMount-SAureus-pat04-1-27.tif,9.086141687835168,9.550329759137432,-0.4641880713022654,0.4641880713022654
1673,8.639492447255368,Granuleux,060722-Nabila-JP-Valves-WholeMount-SAureus-pat04-1-27.tif,9.487989111942838,10.08773019164953,-0.5997410797066927,0.5997410797066927
1674,8.960583711266144,Granuleux,060722-Nabila-JP-Valves-WholeMount-SAureus-pat04-1-27.tif,10.213269832985386,9.944599804503833,0.2686700284815533,0.2686700284815533
1675,8.355235783107622,Granuleux,060722-Nabila-JP-Valves-WholeMount-SAureus-pat04-1-27.tif,10.061083777977965,9.340384233987365,0.7206995439905999,0.7206995439905999
1676,9.071354687954633,Granuleux,060722-Nabila-JP-Valves-WholeMount-SAureus-pat04-1-27.tif,9.411636045494314,8.681413977000172,0.7302220684941414,0.7302220684941414
1677,8.406356296681652,Granuleux,060722-Nabila-JP-Valves-WholeMount-SAureus-pat04-1-27.tif,8.152425068119891,9.163468228920769,-1.0110431608008774,1.0110431608008774
1678,9.315845106127927,Granuleux,060722-Nabila-JP-Valves-WholeMount-SAureus-pat04-1-27.tif,8.87349280435628,9.479525455106527,-0.6060326507502474,0.6060326507502474
1679,8.56377074833303,Granuleux,060722-Nabila-JP-Valves-WholeMount-SAureus-pat04-1-27.tif,9.084905161937971,9.44159833589741,-0.3566931739594388,0.3566931739594388
1680,7.5592913495280065,Granuleux,060722-Nabila-JP-Valves-WholeMount-SAureus-pat04-1-27.tif,9.328609527793756,10.63327904758084,-1.3046695197870832,1.3046695197870832
1681,7.8794793504750285,Granuleux,060722-Nabila-JP-Valves-WholeMount-SAureus-pat04-1-27.tif,8.516925725015646,9.350133405889466,-0.8332076808738194,0.8332076808738194
1682,9.045065297694656,Granuleux,060722-Nabila-JP-Valves-WholeMount-SAureus-pat04-1-27.tif,12.084803410276178,11.885415258892646,0.1993881513835322,0.1993881513835322
1683,7.755919130516203,Granuleux,060722-Nabila-JP-Valves-WholeMount-SAureus-pat04-1-27.tif,10.377560686796922,10.180011843989329,0.1975488428075955,0.1975488428075955
1684,8.360855123898087,Granuleux,060722-Nabila-JP-Valves-WholeMount-SAureus-pat04-1-27.tif,9.878189384636377,9.518670767956824,0.3595186166795514,0.3595186166795514
1685,7.986218333209774,Granuleux,060722-Nabila-JP-Valves-WholeMount-SAureus-pat04-1-27.tif,9.821999786271506,10.066410905818689,-0.2444111195471805,0.2444111195471805
1686,8.747775800189034,Granuleux,060722-Nabila-JP-Valves-WholeMount-SAureus-pat04-1-27.tif,9.616230173367764,9.339103136439334,0.2771270369284302,0.2771270369284302
1687,9.14122440602917,Granuleux,060722-Nabila-JP-Valves-WholeMount-SAureus-pat04-1-27.tif,8.823550243470564,8.84461979097445,-0.0210695475038864,0.0210695475038864
1688,8.880328607680523,Granuleux,060722-Nabila-JP-Valves-WholeMount-SAureus-pat04-1-27.tif,7.870934887967971,8.889012293562608,-1.0180774055946369,1.0180774055946369
1689,7.364595064322731,Granuleux,060722-Nabila-JP-Valves-WholeMount-SAureus-pat04-1-27.tif,8.783700609990657,9.27919444685389,-0.4954938368632327,0.4954938368632327
1690,8.595911243398636,Granuleux,060722-Nabila-JP-Valves-WholeMount-SAureus-pat04-1-27.tif,11.125350096471028,11.429967561853145,-0.3046174653821154,0.3046174653821154
1691,8.481475774613166,Granuleux,060722-Nabila-JP-Valves-WholeMount-SAureus-pat04-1-27.tif,9.875446960667462,10.138732261968272,-0.2632853013008098,0.2632853013008098
1692,8.803130017595276,Granuleux,060722-Nabila-JP-Valves-WholeMount-SAureus-pat04-1-27.tif,10.361954359886948,9.681193726304269,0.6807606335826808,0.6807606335826808
1693,8.566626572682273,Granuleux,060722-Nabila-JP-Valves-WholeMount-SAureus-pat04-1-27.tif,9.858193277310924,11.20181977066708,-1.3436264933561546,1.3436264933561546
1694,8.578160237182708,Granuleux,060722-Nabila-JP-Valves-WholeMount-SAureus-pat04-1-27.tif,9.193590646019084,9.747695319335447,-0.5541046733163633,0.5541046733163633
1695,9.219752040302847,Granuleux,060722-Nabila-JP-Valves-WholeMount-SAureus-pat04-1-27.tif,10.224697298975473,10.53195598310026,-0.3072586841247879,0.3072586841247879
1696,9.078706629937003,Granuleux,060722-Nabila-JP-Valves-WholeMount-SAureus-pat04-1-27.tif,9.098420780117362,9.76631671047511,-0.6678959303577479,0.6678959303577479
1697,7.840640948571163,Granuleux,060722-Nabila-JP-Valves-WholeMount-SAureus-pat04-1-27.tif,11.099717969379537,9.320647167050105,1.7790708023294322,1.7790708023294322
1698,8.058154374993746,Granuleux,060722-Nabila-JP-Valves-WholeMount-SAureus-pat04-1-27.tif,9.37417775738106,8.356008205084088,1.018169552296973,1.018169552296973
1699,9.22296243805002,Granuleux,060722-Nabila-JP-Valves-WholeMount-SAureus-pat04-1-27.tif,8.769401435045317,11.175203823404292,-2.4058023883589748,2.4058023883589748
1700,8.118698480379225,Granuleux,060722-Nabila-JP-Valves-WholeMount-SAureus-pat04-1-27.tif,9.120618931408693,9.226504173762574,-0.1058852423538816,0.1058852423538816
1701,9.11073488358899,Granuleux,060722-Nabila-JP-Valves-WholeMount-SAureus-pat04-1-27.tif,8.274904262197245,9.327518654544017,-1.0526143923467703,1.0526143923467703
1702,9.036626617737994,Granuleux,060722-Nabila-JP-Valves-WholeMount-SAureus-pat04-1-27.tif,9.943046384280883,10.326525241451078,-0.3834788571701946,0.3834788571701946
1703,10.007753737914362,Granuleux,060722-Nabila-JP-Valves-WholeMount-SAureus-pat04-1-27.tif,12.308871996597915,11.206565298754777,1.1023066978431402,1.1023066978431402
1704,10.211925378350164,Granuleux,060722-Nabila-JP-Valves-WholeMount-SAureus-pat04-1-27.tif,10.452033887746838,10.961840189716568,-0.5098063019697303,0.5098063019697303
1705,9.803568080758847,Granuleux,060722-Nabila-JP-Valves-WholeMount-SAureus-pat04-1-27.tif,11.727825030376671,11.024184495796508,0.7036405345801633,0.7036405345801633
1706,8.422184261732099,Granuleux,060722-Nabila-JP-Valves-WholeMount-SAureus-pat04-1-27.tif,10.493685662740106,11.8025081235781,-1.3088224608379946,1.3088224608379946
1707,9.973165448950109,Granuleux,060722-Nabila-JP-Valves-WholeMount-SAureus-pat04-1-27.tif,7.87110070257611,8.58997378844178,-0.7188730858656696,0.7188730858656696
1708,10.513592696500131,Granuleux,060722-Nabila-JP-Valves-WholeMount-SAureus-pat04-1-27.tif,8.518807870370368,8.33173690308721,0.1870709672831587,0.1870709672831587
1709,8.550105621950621,Granuleux,060722-Nabila-JP-Valves-WholeMount-SAureus-pat04-1-27.tif,9.195203422909474,10.10559237915592,-0.9103889562464468,0.9103889562464468
1710,9.353573771922854,Granuleux,060722-Nabila-JP-Valves-WholeMount-SAureus-pat04-1-27.tif,10.1342578165576,8.535253971992603,1.5990038445649972,1.5990038445649972
1711,10.15137604900637,Granuleux,060722-Nabila-JP-Valves-WholeMount-SAureus-pat04-1-27.tif,10.679688280547508,10.496673788090256,0.1830144924572518,0.1830144924572518
1712,8.2928887727674,Granuleux,060722-Nabila-JP-Valves-WholeMount-SAureus-pat04-1-27.tif,11.105982402660384,10.229084359050873,0.8768980436095113,0.8768980436095113
1713,10.175985098329196,Granuleux,060722-Nabila-JP-Valves-WholeMount-SAureus-pat04-1-27.tif,12.716237131955944,11.536937253700568,1.1792998782553763,1.1792998782553763
1714,8.221022541916984,Granuleux,060722-Nabila-JP-Valves-WholeMount-SAureus-pat04-1-27.tif,9.150678571428571,10.446017110210937,-1.2953385387823635,1.2953385387823635
1715,10.447061332667856,Granuleux,060722-Nabila-JP-Valves-WholeMount-SAureus-pat04-1-27.tif,9.40267810257308,8.658730837583793,0.7439472649892878,0.7439472649892878
1716,9.059445250173958,Granuleux,060722-Nabila-JP-Valves-WholeMount-SAureus-pat04-1-27.tif,12.074385408406028,9.890642390709177,2.183743017696853,2.183743017696853
1717,8.845455541591502,Granuleux,060722-Nabila-JP-Valves-WholeMount-SAureus-pat04-1-27.tif,10.035913056558364,9.98651789326261,0.0493951632957543,0.0493951632957543
1718,8.469520778396053,Granuleux,060722-Nabila-JP-Valves-WholeMount-SAureus-pat04-1-27.tif,9.82984439150489,11.224466497254024,-1.394622105749134,1.394622105749134
1719,9.095516793585059,Granuleux,060722-Nabila-JP-Valves-WholeMount-SAureus-pat04-1-27.tif,9.033938100320167,9.359681220914275,-0.3257431205941081,0.3257431205941081
1720,8.836155106760529,Granuleux,060722-Nabila-JP-Valves-WholeMount-SAureus-pat04-1-27.tif,7.358075652957069,8.199346807933866,-0.8412711549767966,0.8412711549767966
1721,8.256732024490177,Granuleux,060722-Nabila-JP-Valves-WholeMount-SAureus-pat04-1-27.tif,9.511782996481466,9.326872050518702,0.1849109459627644,0.1849109459627644
1722,8.17122167593636,Granuleux,060722-Nabila-JP-Valves-WholeMount-SAureus-pat04-1-27.tif,10.059462662979062,10.761649124791695,-0.7021864618126337,0.7021864618126337
1723,9.749845170868364,Granuleux,060722-Nabila-JP-Valves-WholeMount-SAureus-pat04-1-27.tif,10.83065815211138,12.551941555869922,-1.7212834037585427,1.7212834037585427
1724,9.15141400309974,Granuleux,060722-Nabila-JP-Valves-WholeMount-SAureus-pat04-1-27.tif,11.409078822412155,11.160901262420465,0.2481775599916922,0.2481775599916922
1725,9.43354152635333,Granuleux,060722-Nabila-JP-Valves-WholeMount-SAureus-pat04-1-27.tif,11.880134254951482,10.27178480015035,1.6083494548011323,1.6083494548011323
1726,9.044239003029723,Granuleux,060722-Nabila-JP-Valves-WholeMount-SAureus-pat04-1-27.tif,9.197591436217662,9.836786933823907,-0.6391954976062468,0.6391954976062468
1727,8.320236543570537,Granuleux,060722-Nabila-JP-Valves-WholeMount-SAureus-pat04-1-27.tif,11.969294576885543,10.444146630607342,1.5251479462782012,1.5251479462782012
1728,8.15237120030816,Granuleux,060722-Nabila-JP-Valves-WholeMount-SAureus-pat04-1-27.tif,9.257604347497924,10.121025270201155,-0.8634209227032308,0.8634209227032308
1729,9.326042591587694,Granuleux,060722-Nabila-JP-Valves-WholeMount-SAureus-pat04-1-27.tif,7.647203173322577,9.30994569609634,-1.6627425227737618,1.6627425227737618
1730,8.49537057305509,Granuleux,060722-Nabila-JP-Valves-WholeMount-SAureus-pat04-1-37.tif,9.31962165760568,9.007648979183491,0.3119726784221885,0.3119726784221885
1731,8.625260216579635,Granuleux,060722-Nabila-JP-Valves-WholeMount-SAureus-pat04-1-37.tif,10.41810503121557,9.00287954554437,1.4152254856711988,1.4152254856711988
1733,8.411275109615627,Granuleux,060722-Nabila-JP-Valves-WholeMount-SAureus-pat04-1-37.tif,9.192534604039029,7.915599809199888,1.276934794839141,1.276934794839141
1737,8.749073080335158,Granuleux,060722-Nabila-JP-Valves-WholeMount-SAureus-pat04-1-37.tif,9.971869744687355,10.01526772159392,-0.0433979769065651,0.0433979769065651
1738,9.113414659137357,Granuleux,060722-Nabila-JP-Valves-WholeMount-SAureus-pat04-1-37.tif,8.412796880538817,9.386562481755083,-0.973765601216268,0.973765601216268
1739,7.725658140712999,Granuleux,060722-Nabila-JP-Valves-WholeMount-SAureus-pat04-1-37.tif,7.616133103081828,8.952442621649661,-1.336309518567833,1.336309518567833
1745,8.628747973112011,Granuleux,060722-Nabila-JP-Valves-WholeMount-SAureus-pat04-1-37.tif,9.05437871351072,8.994086793499525,0.0602919200111955,0.0602919200111955
1746,8.915361525193068,Granuleux,060722-Nabila-JP-Valves-WholeMount-SAureus-pat04-1-37.tif,8.920231623729615,9.780498462100027,-0.8602668383704142,0.8602668383704142
1748,9.857510281664812,Granuleux,060722-Nabila-JP-Valves-WholeMount-SAureus-pat04-1-37.tif,14.097640955364136,10.409845854125011,3.6877951012391232,3.6877951012391232
1749,7.71520511768337,Granuleux,060722-Nabila-JP-Valves-WholeMount-SAureus-pat04-1-37.tif,10.244149355771755,8.901104263724525,1.3430450920472303,1.3430450920472303
1750,9.296324075893525,Granuleux,060722-Nabila-JP-Valves-WholeMount-SAureus-pat04-1-37.tif,9.204956851189223,8.23083317011858,0.974123681070644,0.974123681070644
1751,7.074983494691788,Granuleux,060722-Nabila-JP-Valves-WholeMount-SAureus-pat04-1-37.tif,7.654184498335709,7.420856577773307,0.2333279205624014,0.2333279205624014
1756,9.630449770758263,Granuleux,060722-Nabila-JP-Valves-WholeMount-SAureus-pat04-1-37.tif,10.194916342162694,10.522165577073418,-0.3272492349107239,0.3272492349107239
1758,8.728410285129879,Granuleux,060722-Nabila-JP-Valves-WholeMount-SAureus-pat04-1-37.tif,12.476090669150755,10.787726521155754,1.6883641479950011,1.6883641479950011
1759,8.494297097499816,Granuleux,060722-Nabila-JP-Valves-WholeMount-SAureus-pat04-1-37.tif,9.29776595744681,10.665774827398238,-1.368008869951428,1.368008869951428
1761,8.805391752486923,Granuleux,060722-Nabila-JP-Valves-WholeMount-SAureus-pat04-1-37.tif,9.37856525496975,7.41558955363292,1.9629757013368303,1.9629757013368303
1764,9.332382480663906,Granuleux,060722-Nabila-JP-Valves-WholeMount-SAureus-pat04-1-37.tif,8.661912020905923,9.382899898055088,-0.7209878771491649,0.7209878771491649
1765,7.893816677360947,Granuleux,060722-Nabila-JP-Valves-WholeMount-SAureus-pat04-1-37.tif,8.193447880870563,9.648348044272126,-1.4549001634015628,1.4549001634015628
1766,9.45046607104233,Granuleux,060722-Nabila-JP-Valves-WholeMount-SAureus-pat04-1-37.tif,8.873425366695427,10.096900826494434,-1.2234754597990063,1.2234754597990063
1770,8.767556776081216,Granuleux,060722-Nabila-JP-Valves-WholeMount-SAureus-pat04-1-37.tif,9.349447004608296,9.104696543545945,0.2447504610623525,0.2447504610623525
1771,8.598939369583539,Granuleux,060722-Nabila-JP-Valves-WholeMount-SAureus-pat04-1-37.tif,7.802964254577157,6.782355045440206,1.0206092091369507,1.0206092091369507
1772,11.28823371926721,Granuleux,060722-Nabila-JP-Valves-WholeMount-SAureus-pat04-1-37.tif,8.62655971479501,7.525793092218453,1.1007666225765558,1.1007666225765558
1773,9.119426702847125,Granuleux,060722-Nabila-JP-Valves-WholeMount-SAureus-pat04-1-37.tif,8.231309997091051,9.265119694756384,-1.0338096976653333,1.0338096976653333
1774,8.774480763521012,Granuleux,060722-Nabila-JP-Valves-WholeMount-SAureus-pat04-1-37.tif,8.541762408088234,8.670617881476756,-0.1288554733885227,0.1288554733885227
1779,7.500326277359446,Granuleux,060722-Nabila-JP-Valves-WholeMount-SAureus-pat04-1-37.tif,7.408578431372552,7.678262561166755,-0.2696841297942027,0.2696841297942027
1780,8.272626801645291,Granuleux,060722-Nabila-JP-Valves-WholeMount-SAureus-pat04-1-37.tif,7.592657528424183,7.1119965485981895,0.4806609798259931,0.4806609798259931
1781,8.34611959383873,Granuleux,060722-Nabila-JP-Valves-WholeMount-SAureus-pat04-1-37.tif,10.510636753067594,9.724794443052293,0.7858423100153011,0.7858423100153011
1788,8.285892066226852,Granuleux,060722-Nabila-JP-Valves-WholeMount-SAureus-pat04-1-37.tif,8.858652744174202,9.196416625518346,-0.3377638813441432,0.3377638813441432
1793,8.409110863745436,Granuleux,060722-Nabila-JP-Valves-WholeMount-SAureus-pat04-2-15.tif,10.850678733031671,9.507654489220483,1.343024243811186,1.343024243811186
1795,8.436727766384935,Granuleux,060722-Nabila-JP-Valves-WholeMount-SAureus-pat04-2-15.tif,8.033073239936158,8.937871492673231,-0.9047982527370736,0.9047982527370736
1796,8.900236545230634,Granuleux,060722-Nabila-JP-Valves-WholeMount-SAureus-pat04-2-15.tif,6.755255096651528,9.056241541019684,-2.3009864443681565,2.3009864443681565
1799,7.378831669932123,Granuleux,060722-Nabila-JP-Valves-WholeMount-SAureus-pat04-2-15.tif,8.77536271113036,8.957575872830253,-0.1822131616998934,0.1822131616998934
1800,8.770917790589303,Granuleux,060722-Nabila-JP-Valves-WholeMount-SAureus-pat04-2-15.tif,4.677650742790563,7.229060939983575,-2.551410197193012,2.551410197193012
1801,8.701678191035768,Granuleux,060722-Nabila-JP-Valves-WholeMount-SAureus-pat04-2-15.tif,8.067835899230232,8.972186425398117,-0.9043505261678852,0.9043505261678852
1803,8.615007121271145,Granuleux,060722-Nabila-JP-Valves-WholeMount-SAureus-pat04-2-15.tif,10.768851938148696,11.074504588022346,-0.3056526498736502,0.3056526498736502
1804,8.268545585258163,Granuleux,060722-Nabila-JP-Valves-WholeMount-SAureus-pat04-2-15.tif,10.799893923321711,9.251820106589015,1.5480738167326962,1.5480738167326962
1806,8.289841610698113,Granuleux,060722-Nabila-JP-Valves-WholeMount-SAureus-pat04-2-15.tif,8.181212655500051,8.218682560506808,-0.0374699050067572,0.0374699050067572
1807,6.945847661861291,Granuleux,060722-Nabila-JP-Valves-WholeMount-SAureus-pat04-2-15.tif,8.166707168894288,7.369604425953725,0.7971027429405622,0.7971027429405622
1810,9.158966802348864,Granuleux,060722-Nabila-JP-Valves-WholeMount-SAureus-pat04-2-15.tif,12.27423965241253,9.866737122564572,2.4075025298479584,2.4075025298479584
1812,9.07120841858024,Granuleux,060722-Nabila-JP-Valves-WholeMount-SAureus-pat04-2-15.tif,10.799647680563709,9.014854574812723,1.7847931057509854,1.7847931057509854
1813,7.454808475535613,Granuleux,060722-Nabila-JP-Valves-WholeMount-SAureus-pat04-2-15.tif,8.545648772267693,8.961998693162897,-0.4163499208952039,0.4163499208952039
1814,8.483231541123128,Granuleux,060722-Nabila-JP-Valves-WholeMount-SAureus-pat04-2-15.tif,10.455340314136128,8.937941979416152,1.5173983347199762,1.5173983347199762
1815,9.085125476578499,Granuleux,060722-Nabila-JP-Valves-WholeMount-SAureus-pat04-2-15.tif,8.814227524003492,9.26044319822308,-0.4462156742195891,0.4462156742195891
1820,9.338121466836345,Granuleux,060722-Nabila-JP-Valves-WholeMount-SAureus-pat04-2-15.tif,8.959339038064325,9.52142010796226,-0.5620810698979355,0.5620810698979355
1821,8.835380666990094,Granuleux,060722-Nabila-JP-Valves-WholeMount-SAureus-pat04-2-15.tif,8.624562480810562,8.111365102931208,0.5131973778793544,0.5131973778793544
1822,9.041894754162465,Granuleux,060722-Nabila-JP-Valves-WholeMount-SAureus-pat04-2-15.tif,10.354753377828423,8.990336965248876,1.3644164125795477,1.3644164125795477
1823,8.315733508819434,Granuleux,060722-Nabila-JP-Valves-WholeMount-SAureus-pat04-2-15.tif,8.43280998389694,8.280675800250423,0.1521341836465168,0.1521341836465168
1825,7.741838172396191,Granuleux,060722-Nabila-JP-Valves-WholeMount-SAureus-pat04-2-15.tif,6.444660400028271,6.845127782450825,-0.400467382422554,0.400467382422554
1826,8.489979474720537,Granuleux,060722-Nabila-JP-Valves-WholeMount-SAureus-pat04-2-15.tif,8.628471695249658,9.155359686825411,-0.5268879915757552,0.5268879915757552
1829,8.58925526283744,Granuleux,060722-Nabila-JP-Valves-WholeMount-SAureus-pat04-2-15.tif,7.80762679055362,6.836318156193135,0.9713086343604846,0.9713086343604846
1831,7.896500550757962,Granuleux,060722-Nabila-JP-Valves-WholeMount-SAureus-pat04-2-15.tif,8.0886888822771,8.276608377246527,-0.1879194949694262,0.1879194949694262
1832,9.263176500291934,Granuleux,060722-Nabila-JP-Valves-WholeMount-SAureus-pat04-2-15.tif,10.99595946639302,9.111370005954686,1.8845894604383329,1.8845894604383329
1833,8.473363285517896,Granuleux,060722-Nabila-JP-Valves-WholeMount-SAureus-pat04-2-15.tif,8.09079473138967,8.39099127888634,-0.3001965474966699,0.3001965474966699
1834,8.275093330051826,Granuleux,060722-Nabila-JP-Valves-WholeMount-SAureus-pat04-2-15.tif,9.581707117087571,8.769703474760934,0.812003642326637,0.812003642326637
1835,7.537022277136775,Granuleux,060722-Nabila-JP-Valves-WholeMount-SAureus-pat04-2-15.tif,8.593959290873277,8.863981680889871,-0.2700223900165941,0.2700223900165941
1836,8.044250183696203,Granuleux,060722-Nabila-JP-Valves-WholeMount-SAureus-pat04-2-15.tif,8.043872848678642,9.412143479947671,-1.368270631269029,1.368270631269029
1837,6.585633148610274,Granuleux,060722-Nabila-JP-Valves-WholeMount-SAureus-pat04-2-15.tif,7.48909403998852,7.389453676187147,0.0996403638013729,0.0996403638013729
1840,7.859018542699613,Granuleux,060722-Nabila-JP-Valves-WholeMount-SAureus-pat04-2-15.tif,7.93834802726193,8.377048263940376,-0.4387002366784456,0.4387002366784456
1841,7.195729864445577,Granuleux,060722-Nabila-JP-Valves-WholeMount-SAureus-pat04-2-15.tif,7.082233534439416,7.41154756492446,-0.3293140304850439,0.3293140304850439
1842,8.411718860736439,Granuleux,060722-Nabila-JP-Valves-WholeMount-SAureus-pat04-2-15.tif,9.03292446739832,9.060273666854936,-0.0273491994566157,0.0273491994566157
1843,7.26280171494887,Granuleux,060722-Nabila-JP-Valves-WholeMount-SAureus-pat04-2-15.tif,8.02728834043636,8.335721981451412,-0.3084336410150516,0.3084336410150516
1846,8.893517625815717,Granuleux,060722-Nabila-JP-Valves-WholeMount-SAureus-pat04-2-15.tif,11.774120165930682,9.775225650297866,1.9988945156328164,1.9988945156328164
1847,7.2772621736364735,Granuleux,060722-Nabila-JP-Valves-WholeMount-SAureus-pat04-2-15.tif,9.129370629370632,8.115812988173449,1.013557641197183,1.013557641197183
1848,9.15874831631623,Granuleux,060722-Nabila-JP-Valves-WholeMount-SAureus-pat04-2-15.tif,11.009212939803238,9.329847477211482,1.6793654625917558,1.6793654625917558
1851,7.736281928000788,Sableux,070525-JPB-MEB-EIHNValves-Ech4-ZigZag0005.tif,4.35402625044342,4.415750116678209,-0.0617238662347894,0.0617238662347894
1875,8.222118851594113,Sableux,070525-JPB-MEB-EIHNValves-Ech4-ZigZag0005.tif,6.902344622255303,6.478474950680867,0.4238696715744359,0.4238696715744359
1922,8.29572966769836,Granuleux,070525-JPB-MEB-EIHNValves-Ech4-ZigZag0019.tif,5.390737305819615,5.259224870388422,0.1315124354311923,0.1315124354311923
1923,8.241768517562916,Granuleux,070525-JPB-MEB-EIHNValves-Ech4-ZigZag0019.tif,6.138217164532953,5.672402219546502,0.4658149449864508,0.4658149449864508
1925,9.010867981168039,Granuleux,070525-JPB-MEB-EIHNValves-Ech4-ZigZag0019.tif,10.746391375845056,7.171950142942385,3.5744412329026707,3.5744412329026707
2033,9.720333027913767,Sableux,070525-JPB-MEB-EIHNValves-Ech4-ZigZag0038.tif,4.863724084693428,5.903753400367638,-1.04002931567421,1.04002931567421
2037,8.117792366257884,Sableux,070525-JPB-MEB-EIHNValves-Ech4-ZigZag0038.tif,6.058048699409955,6.613991089673356,-0.5559423902634011,0.5559423902634011
2038,7.647898570338388,Sableux,070525-JPB-MEB-EIHNValves-Ech4-ZigZag0038.tif,5.645006337981187,6.304329169416618,-0.6593228314354311,0.6593228314354311
2044,7.814609854363801,Sableux,070525-JPB-MEB-EIHNValves-Ech4-ZigZag0038.tif,7.420007939658595,6.648316229055061,0.7716917106035348,0.7716917106035348
2046,8.458003102926272,Sableux,070525-JPB-MEB-EIHNValves-Ech4-ZigZag0038.tif,6.419626884743164,6.541833283398706,-0.1222063986555417,0.1222063986555417
2047,7.515200884094687,Sableux,070525-JPB-MEB-EIHNValves-Ech4-ZigZag0038.tif,5.643241691192304,5.309509626866182,0.3337320643261217,0.3337320643261217
2053,8.070014083856572,Sableux,070525-JPB-MEB-EIHNValves-Ech4-ZigZag0038.tif,8.01654467061065,8.182949061437801,-0.1664043908271519,0.1664043908271519
2054,8.294752394879575,Sableux,070525-JPB-MEB-EIHNValves-Ech4-ZigZag0038.tif,6.587727218008908,7.41631019868251,-0.8285829806736018,0.8285829806736018
2062,9.726833819722016,Sableux,070525-JPB-MEB-EIHNValves-Ech4-ZigZag0038.tif,10.027833001988071,8.304288738957156,1.7235442630309148,1.7235442630309148
2063,8.47590250292582,Sableux,070525-JPB-MEB-EIHNValves-Ech4-ZigZag0038.tif,7.601935038009675,8.268981938548379,-0.6670469005387041,0.6670469005387041
2064,9.114520047945607,Sableux,070525-JPB-MEB-EIHNValves-Ech4-ZigZag0038.tif,6.066708307307933,7.209613065638497,-1.1429047583305645,1.1429047583305645
2067,8.472234918245812,Sableux,070525-JPB-MEB-EIHNValves-Ech4-ZigZag0038.tif,8.871396818781692,7.905373251350955,0.9660235674307368,0.9660235674307368
2074,7.943610608686696,Sableux,070525-JPB-MEB-EIHNValves-Ech4-ZigZag0038.tif,6.560205986037188,5.8960789739934665,0.6641270120437213,0.6641270120437213
2075,7.570830975667921,Sableux,070525-JPB-MEB-EIHNValves-Ech4-ZigZag0038.tif,5.539555555555556,5.445874678601416,0.0936808769541404,0.0936808769541404
2076,7.725761682295766,Sableux,070525-JPB-MEB-EIHNValves-Ech4-ZigZag0038.tif,7.278215110806879,6.924395067267352,0.3538200435395264,0.3538200435395264
2080,8.01086545585992,Sableux,070525-JPB-MEB-EIHNValves-Ech4-ZigZag0038.tif,6.431279620853081,6.583819298534291,-0.1525396776812098,0.1525396776812098
2085,8.033569903394984,Sableux,070525-JPB-MEB-EIHNValves-Ech4-ZigZag0038.tif,6.357708049113233,7.416170396646015,-1.0584623475327817,1.0584623475327817
2087,7.543034948279819,Sableux,070525-JPB-MEB-EIHNValves-Ech4-ZigZag0038.tif,6.969006147540984,5.6058113395287865,1.3631948080121976,1.3631948080121976
2089,8.61100199527736,Sableux,070525-JPB-MEB-EIHNValves-Ech4-ZigZag0038.tif,8.10446735395189,8.788820079861267,-0.6843527259093776,0.6843527259093776
2325,7.774649606093891,Granuleux,070525-JPB-MEB-EIHNValves-Ech5-ZigZag0003.tif,9.27254156769596,8.215947674788202,1.0565938929077578,1.0565938929077578
2326,8.192645215506658,Granuleux,070525-JPB-MEB-EIHNValves-Ech5-ZigZag0003.tif,6.786599162801222,7.376392318081232,-0.5897931552800095,0.5897931552800095
2462,7.9417849141130334,Granuleux,070525-JPB-MEB-EIHNValves-Ech5-ZigZag0027.tif,4.963636363636364,6.357181088657132,-1.3935447250207682,1.3935447250207682
2463,7.620700899317862,Granuleux,070525-JPB-MEB-EIHNValves-Ech5-ZigZag0027.tif,6.590201379824722,5.784597999726913,0.8056033800978097,0.8056033800978097
2464,9.09265624774694,Granuleux,070525-JPB-MEB-EIHNValves-Ech5-ZigZag0027.tif,6.6017253077444975,7.022585869510167,-0.4208605617656697,0.4208605617656697
2465,9.111347240068046,Granuleux,070525-JPB-MEB-EIHNValves-Ech5-ZigZag0027.tif,5.826988675126212,6.57867080886647,-0.7516821337402577,0.7516821337402577
2472,7.896257789726905,Granuleux,070525-JPB-MEB-EIHNValves-Ech5-ZigZag0027.tif,5.840352595494613,7.022767488573356,-1.182414893078743,1.182414893078743
2473,7.4407976807698555,Granuleux,070525-JPB-MEB-EIHNValves-Ech5-ZigZag0027.tif,6.597066373303997,6.61386253655896,-0.0167961632549626,0.0167961632549626
2474,8.584054033686426,Granuleux,070525-JPB-MEB-EIHNValves-Ech5-ZigZag0027.tif,6.325245150669242,6.5547072938037605,-0.2294621431345183,0.2294621431345183
2475,7.509504719371771,Granuleux,070525-JPB-MEB-EIHNValves-Ech5-ZigZag0027.tif,5.250297872340425,6.557757471728923,-1.3074595993884977,1.3074595993884977
2481,9.038280822866646,Granuleux,070525-JPB-MEB-EIHNValves-Ech5-ZigZag0027.tif,5.918551444633287,6.092428188553595,-0.1738767439203075,0.1738767439203075
2482,7.790713535546462,Granuleux,070525-JPB-MEB-EIHNValves-Ech5-ZigZag0027.tif,5.103715523136541,6.456994925629388,-1.3532794024928467,1.3532794024928467
2483,8.977913862115868,Granuleux,070525-JPB-MEB-EIHNValves-Ech5-ZigZag0027.tif,7.099655201412833,6.7314753087295305,0.3681798926833028,0.3681798926833028
2484,7.785859780322279,Granuleux,070525-JPB-MEB-EIHNValves-Ech5-ZigZag0027.tif,5.593215664644236,6.327482217254174,-0.7342665526099372,0.7342665526099372
2485,9.124545243166882,Granuleux,070525-JPB-MEB-EIHNValves-Ech5-ZigZag0027.tif,6.638683200999196,8.25673017447555,-1.6180469734763534,1.6180469734763534
2487,7.864069730370013,Granuleux,070525-JPB-MEB-EIHNValves-Ech5-ZigZag0027.tif,4.800192381685264,5.319098085058766,-0.5189057033735018,0.5189057033735018
2488,8.29533103190522,Granuleux,070525-JPB-MEB-EIHNValves-Ech5-ZigZag0027.tif,4.308649744773093,5.590232024335332,-1.2815822795622394,1.2815822795622394
2489,8.554543207535547,Granuleux,070525-JPB-MEB-EIHNValves-Ech5-ZigZag0027.tif,5.8563188253801775,6.518342018949396,-0.662023193569218,0.662023193569218
2490,9.32755311584755,Granuleux,070525-JPB-MEB-EIHNValves-Ech5-ZigZag0027.tif,6.592023243528789,6.940045143181035,-0.3480218996522453,0.3480218996522453
2491,8.43145032293671,Granuleux,070525-JPB-MEB-EIHNValves-Ech5-ZigZag0027.tif,6.950037440718862,6.988443603294328,-0.0384061625754652,0.0384061625754652
2492,8.109762579314689,Granuleux,070525-JPB-MEB-EIHNValves-Ech5-ZigZag0027.tif,6.266864414888527,5.569518498091883,0.6973459167966443,0.6973459167966443
2493,8.676585140128681,Granuleux,070525-JPB-MEB-EIHNValves-Ech5-ZigZag0027.tif,6.609284001370331,7.354810151039759,-0.7455261496694279,0.7455261496694279
2494,8.707634691651766,Granuleux,070525-JPB-MEB-EIHNValves-Ech5-ZigZag0027.tif,5.694906990699069,6.287895096343675,-0.592988105644606,0.592988105644606
2500,8.575030850777514,Granuleux,070525-JPB-MEB-EIHNValves-Ech5-ZigZag0027.tif,7.941060126582279,8.474983163869759,-0.5339230372874795,0.5339230372874795
2507,8.897578983141099,Granuleux,070525-JPB-MEB-EIHNValves-Ech5-ZigZag0027.tif,6.73281614277675,6.577548008114468,0.1552681346622817,0.1552681346622817
2748,9.513470630437292,Granuleux,070525-JPB-MEB-EIHNValves-Ech6-ZigZag0014.tif,4.703271967199936,6.350174119514052,-1.646902152314116,1.646902152314116
2749,9.027622071132742,Granuleux,070525-JPB-MEB-EIHNValves-Ech6-ZigZag0014.tif,4.418376773342131,6.020492446193393,-1.6021156728512622,1.6021156728512622
2750,10.016313376274685,Granuleux,070525-JPB-MEB-EIHNValves-Ech6-ZigZag0014.tif,4.034023668639053,3.835827749602838,0.1981959190362148,0.1981959190362148
2751,8.023098179976037,Granuleux,070525-JPB-MEB-EIHNValves-Ech6-ZigZag0014.tif,5.298124930655718,4.499626298576192,0.7984986320795269,0.7984986320795269
2752,7.831111599120036,Granuleux,070525-JPB-MEB-EIHNValves-Ech6-ZigZag0014.tif,5.715951455540572,4.922054325805472,0.7938971297351003,0.7938971297351003
2753,8.759779205987652,Granuleux,070525-JPB-MEB-EIHNValves-Ech6-ZigZag0014.tif,5.43329831932773,5.046549540309816,0.386748779017914,0.386748779017914
2754,9.197004445648572,Granuleux,070525-JPB-MEB-EIHNValves-Ech6-ZigZag0014.tif,4.1289785729145,5.157420428147789,-1.0284418552332897,1.0284418552332897
2755,8.775804907919946,Granuleux,070525-JPB-MEB-EIHNValves-Ech6-ZigZag0014.tif,4.4483819416699975,5.290959918495058,-0.8425779768250603,0.8425779768250603
2756,8.424238733301404,Granuleux,070525-JPB-MEB-EIHNValves-Ech6-ZigZag0014.tif,5.184138715179079,5.781060246289842,-0.5969215311107625,0.5969215311107625
2757,7.518705628401022,Granuleux,070525-JPB-MEB-EIHNValves-Ech6-ZigZag0014.tif,4.455694506476106,5.358033690389964,-0.902339183913858,0.902339183913858
2758,8.326712276461757,Granuleux,070525-JPB-MEB-EIHNValves-Ech6-ZigZag0014.tif,5.923155273879584,7.146351002357473,-1.2231957284778885,1.2231957284778885
2759,7.128790702633961,Granuleux,070525-JPB-MEB-EIHNValves-Ech6-ZigZag0014.tif,6.608371685294761,6.52236338684763,0.0860082984471315,0.0860082984471315
2760,7.881458644849696,Sableux,070525-JPB-MEB-EIHNValves-Ech6-ZigZag0014.tif,5.076951444376154,5.400607945587446,-0.3236565012112917,0.3236565012112917
2761,8.150983421957086,Sableux,070525-JPB-MEB-EIHNValves-Ech6-ZigZag0014.tif,5.54979730470034,6.277927958306922,-0.7281306536065815,0.7281306536065815
2762,8.213473775137889,Sableux,070525-JPB-MEB-EIHNValves-Ech6-ZigZag0014.tif,5.664091006653789,6.74564846180617,-1.0815574551523817,1.0815574551523817
2763,7.408301433957034,Sableux,070525-JPB-MEB-EIHNValves-Ech6-ZigZag0014.tif,6.531269543464666,6.911928241839815,-0.3806586983751492,0.3806586983751492
2764,8.017825704337723,Sableux,070525-JPB-MEB-EIHNValves-Ech6-ZigZag0014.tif,6.148120083712205,6.6749313655681375,-0.5268112818559327,0.5268112818559327
2765,7.465321154361975,Sableux,070525-JPB-MEB-EIHNValves-Ech6-ZigZag0014.tif,5.5786692289214495,5.847822366967063,-0.2691531380456133,0.2691531380456133
2769,7.776002580668257,Sableux,070525-JPB-MEB-EIHNValves-Ech6-ZigZag0014.tif,5.722831470213671,5.325597281136814,0.3972341890768565,0.3972341890768565
2794,7.87475156017665,Sableux,070525-JPB-MEB-EIHNValves-Ech6-ZigZag0014.tif,4.366137603132429,5.115229719939205,-0.7490921168067768,0.7490921168067768
2795,7.740443174098288,Sableux,070525-JPB-MEB-EIHNValves-Ech6-ZigZag0014.tif,5.776124031007751,5.831541600078051,-0.0554175690702996,0.0554175690702996
2796,7.818544295807788,Sableux,070525-JPB-MEB-EIHNValves-Ech6-ZigZag0014.tif,6.433222779485521,6.774104130461074,-0.340881350975553,0.340881350975553
2797,7.830673365526819,Sableux,070525-JPB-MEB-EIHNValves-Ech6-ZigZag0014.tif,7.021797939860578,6.999802986514072,0.021994953346506,0.021994953346506
2798,7.313203790241607,Sableux,070525-JPB-MEB-EIHNValves-Ech6-ZigZag0014.tif,7.92739981360671,5.642863332017665,2.284536481589045,2.284536481589045
2801,7.072720578150383,Sableux,070525-JPB-MEB-EIHNValves-Ech6-ZigZag0014.tif,6.001731689925639,5.299168753870629,0.7025629360550099,0.7025629360550099
2802,7.282526409918845,Sableux,070525-JPB-MEB-EIHNValves-Ech6-ZigZag0014.tif,4.973392276253232,6.189931998872189,-1.2165397226189567,1.2165397226189567
2810,9.020479058912864,Sableux,070525-JPB-MEB-EIHNValves-Ech6-ZigZag0034.tif,5.167720090293453,6.293885005525832,-1.126164915232379,1.126164915232379
2811,6.8880790627284565,Sableux,070525-JPB-MEB-EIHNValves-Ech6-ZigZag0034.tif,3.773398356603648,3.312234161597738,0.4611641950059102,0.4611641950059102
2812,8.11106230420246,Sableux,070525-JPB-MEB-EIHNValves-Ech6-ZigZag0034.tif,5.011668816699896,5.761270700349572,-0.7496018836496754,0.7496018836496754
2813,7.219710163206207,Sableux,070525-JPB-MEB-EIHNValves-Ech6-ZigZag0034.tif,3.6408383309940033,4.601642245380491,-0.9608039143864876,0.9608039143864876
2814,8.54645558245129,Sableux,070525-JPB-MEB-EIHNValves-Ech6-ZigZag0034.tif,5.798436142484796,6.198480233666151,-0.4000440911813552,0.4000440911813552
2815,8.1157007852974,Sableux,070525-JPB-MEB-EIHNValves-Ech6-ZigZag0034.tif,3.720569677303047,4.714767994007695,-0.9941983167046478,0.9941983167046478
2819,7.589553715203549,Sableux,070525-JPB-MEB-EIHNValves-Ech6-ZigZag0034.tif,5.041252194265653,5.79754670389612,-0.7562945096304663,0.7562945096304663
2820,6.635487969694919,Sableux,070525-JPB-MEB-EIHNValves-Ech6-ZigZag0034.tif,5.799505256648115,5.924520025544913,-0.1250147688967979,0.1250147688967979
2821,7.431327930943869,Sableux,070525-JPB-MEB-EIHNValves-Ech6-ZigZag0034.tif,4.887234582522628,6.089922937204887,-1.2026883546822589,1.2026883546822589
2822,7.430112739315529,Sableux,070525-JPB-MEB-EIHNValves-Ech6-ZigZag0034.tif,5.643025278886501,5.109401380892793,0.5336238979937082,0.5336238979937082
2823,7.711104359784716,Sableux,070525-JPB-MEB-EIHNValves-Ech6-ZigZag0034.tif,5.282495441521228,5.199339462071591,0.0831559794496374,0.0831559794496374
2824,6.564123457647005,Sableux,070525-JPB-MEB-EIHNValves-Ech6-ZigZag0034.tif,4.507491327773267,4.373420281413536,0.1340710463597316,0.1340710463597316
2828,6.952084823137281,Sableux,070525-JPB-MEB-EIHNValves-Ech6-ZigZag0034.tif,3.842430595720068,4.540145309912084,-0.6977147141920161,0.6977147141920161
2829,6.059872269605608,Sableux,070525-JPB-MEB-EIHNValves-Ech6-ZigZag0034.tif,4.439857209374516,4.503697759255453,-0.0638405498809371,0.0638405498809371
2830,6.6666172565083,Sableux,070525-JPB-MEB-EIHNValves-Ech6-ZigZag0034.tif,4.112037654732784,3.991337720358332,0.1206999343744521,0.1206999343744521
2831,7.075584091606558,Sableux,070525-JPB-MEB-EIHNValves-Ech6-ZigZag0034.tif,3.918988386114108,3.732705621670287,0.1862827644438209,0.1862827644438209
2832,7.518188619908356,Sableux,070525-JPB-MEB-EIHNValves-Ech6-ZigZag0034.tif,5.510670731707318,4.563632653855419,0.9470380778518992,0.9470380778518992
2837,8.014800480457978,Sableux,070525-JPB-MEB-EIHNValves-Ech6-ZigZag0034.tif,4.758131776480398,5.056305174380836,-0.2981733979004382,0.2981733979004382
2838,6.953659627749899,Sableux,070525-JPB-MEB-EIHNValves-Ech6-ZigZag0034.tif,5.255187246963564,4.86141599364735,0.3937712533162134,0.3937712533162134
2839,8.519452010344722,Sableux,070525-JPB-MEB-EIHNValves-Ech6-ZigZag0034.tif,6.208884385665529,5.7095269751195366,0.4993574105459926,0.4993574105459926
2840,8.471128071848039,Sableux,070525-JPB-MEB-EIHNValves-Ech6-ZigZag0034.tif,6.633182518290336,4.846233947033589,1.7869485712567466,1.7869485712567466
2841,7.099171496410894,Sableux,070525-JPB-MEB-EIHNValves-Ech6-ZigZag0034.tif,3.632976888582269,2.997317011764749,0.6356598768175199,0.6356598768175199
2842,7.11336014889296,Sableux,070525-JPB-MEB-EIHNValves-Ech6-ZigZag0034.tif,4.574197035206918,3.908301062563669,0.665895972643249,0.665895972643249
2847,7.526057875279963,Sableux,070525-JPB-MEB-EIHNValves-Ech6-ZigZag0034.tif,5.121477639142015,5.224414734521167,-0.1029370953791515,0.1029370953791515
2848,7.131291937380709,Sableux,070525-JPB-MEB-EIHNValves-Ech6-ZigZag0034.tif,4.944615384615386,4.99787162982871,-0.0532562452133236,0.0532562452133236
2849,7.195295891010712,Sableux,070525-JPB-MEB-EIHNValves-Ech6-ZigZag0034.tif,4.392168421052632,3.9831903008018608,0.4089781202507709,0.4089781202507709
2850,8.21210361037993,Sableux,070525-JPB-MEB-EIHNValves-Ech6-ZigZag0034.tif,4.71404990403071,4.779202434157286,-0.0651525301265758,0.0651525301265758
2851,8.051224656152751,Sableux,070525-JPB-MEB-EIHNValves-Ech6-ZigZag0034.tif,4.132154253513477,4.000096549932312,0.1320577035811645,0.1320577035811645
2852,7.333107239435896,Sableux,070525-JPB-MEB-EIHNValves-Ech6-ZigZag0034.tif,3.866797515819077,4.32842257693873,-0.4616250611196535,0.4616250611196535
2867,8.451215047496513,Sableux,070525-JPB-MEB-EIHNValves-Ech6-ZigZag0034.tif,4.789620423244877,5.627069926189763,-0.8374495029448861,0.8374495029448861
2928,8.011492743093653,Sableux,070525-JPB-MEB-EIHNValves-Ech6-ZigZag0058.tif,7.104263824117254,7.432920365866497,-0.3286565417492433,0.3286565417492433
2929,7.409954676065081,Sableux,070525-JPB-MEB-EIHNValves-Ech6-ZigZag0058.tif,7.485660941000747,5.299647540392355,2.186013400608392,2.186013400608392
2930,9.219132248281324,Sableux,070525-JPB-MEB-EIHNValves-Ech6-ZigZag0058.tif,5.917447259102386,6.800299470764106,-0.8828522116617199,0.8828522116617199
2931,8.302741235562268,Sableux,070525-JPB-MEB-EIHNValves-Ech6-ZigZag0058.tif,5.041156697121185,5.37566497123289,-0.3345082741117053,0.3345082741117053
2938,7.5249037171761035,Sableux,070525-JPB-MEB-EIHNValves-Ech6-ZigZag0058.tif,6.6232644409115,5.500714629749784,1.1225498111617158,1.1225498111617158
2939,8.228763559033014,Sableux,070525-JPB-MEB-EIHNValves-Ech6-ZigZag0058.tif,6.525906735751295,5.752685867663096,0.7732208680881998,0.7732208680881998
2940,6.62328730172353,Sableux,070525-JPB-MEB-EIHNValves-Ech6-ZigZag0058.tif,4.755021497786049,4.552789246254223,0.202232251531826,0.202232251531826
2941,7.436331673843573,Sableux,070525-JPB-MEB-EIHNValves-Ech6-ZigZag0058.tif,5.8428274907749085,5.969957603603492,-0.1271301128285831,0.1271301128285831
2948,7.394205041679671,Sableux,070525-JPB-MEB-EIHNValves-Ech6-ZigZag0058.tif,4.068353338604183,4.790240706955286,-0.7218873683511031,0.7218873683511031
2949,7.898302660290598,Sableux,070525-JPB-MEB-EIHNValves-Ech6-ZigZag0058.tif,4.793519585253455,5.220452927060748,-0.4269333418072927,0.4269333418072927
2950,7.470905689002722,Sableux,070525-JPB-MEB-EIHNValves-Ech6-ZigZag0058.tif,5.054392411553581,5.769827238550123,-0.7154348269965416,0.7154348269965416
2951,7.49190613012384,Sableux,070525-JPB-MEB-EIHNValves-Ech6-ZigZag0058.tif,5.439766970618033,5.542190913037306,-0.1024239424192732,0.1024239424192732
2952,6.989195425353289,Sableux,070525-JPB-MEB-EIHNValves-Ech6-ZigZag0058.tif,8.065265916149068,6.354220818378712,1.7110450977703555,1.7110450977703555
2958,7.196095896118212,Sableux,070525-JPB-MEB-EIHNValves-Ech6-ZigZag0058.tif,5.477869155424135,4.786968566029072,0.6909005893950626,0.6909005893950626
2959,8.788838351458288,Sableux,070525-JPB-MEB-EIHNValves-Ech6-ZigZag0058.tif,4.916825177243646,5.341716819429333,-0.4248916421856874,0.4248916421856874
2960,7.151626611343515,Sableux,070525-JPB-MEB-EIHNValves-Ech6-ZigZag0058.tif,4.189092172301992,5.102115548678596,-0.9130233763766044,0.9130233763766044
2961,7.402031472661726,Sableux,070525-JPB-MEB-EIHNValves-Ech6-ZigZag0058.tif,5.3523216009830605,5.581341980713191,-0.2290203797301302,0.2290203797301302
2962,7.527971397798768,Sableux,070525-JPB-MEB-EIHNValves-Ech6-ZigZag0058.tif,7.586134067952248,6.808808216744256,0.7773258512079915,0.7773258512079915
2967,6.742033903366159,Sableux,070525-JPB-MEB-EIHNValves-Ech6-ZigZag0058.tif,4.515702050350377,5.260374173197754,-0.7446721228473763,0.7446721228473763
2968,6.553639146943876,Sableux,070525-JPB-MEB-EIHNValves-Ech6-ZigZag0058.tif,5.992276184903454,5.33709913929315,0.6551770456103041,0.6551770456103041
2969,8.280701937284345,Sableux,070525-JPB-MEB-EIHNValves-Ech6-ZigZag0058.tif,6.409272284593534,6.692446702812806,-0.2831744182192715,0.2831744182192715
2970,7.13758005066295,Sableux,070525-JPB-MEB-EIHNValves-Ech6-ZigZag0058.tif,5.587779756834197,5.6938672624143845,-0.106087505580187,0.106087505580187
2971,7.173080337763439,Sableux,070525-JPB-MEB-EIHNValves-Ech6-ZigZag0058.tif,5.153314917127073,5.575955532363285,-0.4226406152362125,0.4226406152362125
2972,7.125584861554513,Sableux,070525-JPB-MEB-EIHNValves-Ech6-ZigZag0058.tif,5.334574132492112,5.106923062868685,0.2276510696234277,0.2276510696234277
2978,6.742491414147938,Sableux,070525-JPB-MEB-EIHNValves-Ech6-ZigZag0058.tif,5.036819971367215,5.460412882895699,-0.423592911528484,0.423592911528484
2979,8.170702584457336,Sableux,070525-JPB-MEB-EIHNValves-Ech6-ZigZag0058.tif,6.679886816958902,6.275937931336619,0.4039488856222828,0.4039488856222828
2980,6.381164224208577,Sableux,070525-JPB-MEB-EIHNValves-Ech6-ZigZag0058.tif,4.948002168189562,4.295478616070766,0.6525235521187955,0.6525235521187955
2981,7.467013011502661,Sableux,070525-JPB-MEB-EIHNValves-Ech6-ZigZag0058.tif,5.105557233464212,5.912193546422743,-0.8066363129585312,0.8066363129585312
2988,8.653000678767244,Sableux,070525-JPB-MEB-EIHNValves-Ech6-ZigZag0077.tif,6.629140426924022,5.592442199042294,1.036698227881728,1.036698227881728
3013,7.852736040997251,Sableux,070525-JPB-MEB-EIHNValves-Ech6-ZigZag0077.tif,5.642757009345794,6.526492477954857,-0.8837354686090633,0.8837354686090633
3014,8.030738421424797,Sableux,070525-JPB-MEB-EIHNValves-Ech6-ZigZag0077.tif,6.247946009389672,5.732384823039798,0.5155611863498741,0.5155611863498741
3115,8.74240098584688,Granuleux,070525-JPB-MEB-EIHNValves-Ech6-ZigZag0100.tif,6.726403974067527,8.361892817647846,-1.635488843580318,1.635488843580318
3118,7.140140900776029,Sableux,070525-JPB-MEB-EIHNValves-Ech6-ZigZag0100.tif,5.035820341499629,4.803327277252347,0.232493064247282,0.232493064247282
3119,7.207910179361211,Sableux,070525-JPB-MEB-EIHNValves-Ech6-ZigZag0100.tif,5.326480649272252,5.221709431303443,0.1047712179688087,0.1047712179688087
3133,7.633987967503394,Granuleux,070525-JPB-MEB-EIHNValves-Ech6-ZigZag0100.tif,7.682368228701373,7.742176165615866,-0.0598079369144937,0.0598079369144937
3170,8.729552471715092,Granuleux,070525-JPB-MEB-EIHNValves-Ech6-ZigZag0103.tif,5.696242331288344,6.047908256637351,-0.3516659253490068,0.3516659253490068
3171,7.259732775585019,Granuleux,070525-JPB-MEB-EIHNValves-Ech6-ZigZag0103.tif,5.826204638107332,5.79531383857909,0.0308907995282421,0.0308907995282421
3191,8.435996876928922,Granuleux,070525-JPB-MEB-EIHNValves-Ech6-ZigZag0103.tif,6.674905711206896,6.787075107162994,-0.1121693959560978,0.1121693959560978
3192,8.062478720528206,Granuleux,070525-JPB-MEB-EIHNValves-Ech6-ZigZag0103.tif,6.449046240629407,7.148011151599885,-0.6989649109704779,0.6989649109704779
3193,8.146931451423349,Granuleux,070525-JPB-MEB-EIHNValves-Ech6-ZigZag0103.tif,7.952948465631604,9.137553110647175,-1.1846046450155718,1.1846046450155718
3199,8.829399850059344,Granuleux,070525-JPB-MEB-EIHNValves-Ech6-ZigZag0103.tif,5.925873030498481,7.235834656269668,-1.3099616257711864,1.3099616257711864
3200,9.155328046184527,Granuleux,070525-JPB-MEB-EIHNValves-Ech6-ZigZag0103.tif,5.759111151504136,6.721155536136425,-0.9620443846322884,0.9620443846322884
3202,9.555047930325907,Granuleux,070525-JPB-MEB-EIHNValves-Ech6-ZigZag0103.tif,9.381942830583313,8.77722336660885,0.6047194639744635,0.6047194639744635
3208,8.271852571364459,Granuleux,070525-JPB-MEB-EIHNValves-Ech6-ZigZag0103.tif,5.740039840637451,5.883291135713096,-0.143251295075645,0.143251295075645
3232,8.03727568950335,Sableux,070525-JPB-MEB-EIHNValves-Ech6-ZigZag0106.tif,4.662929200850805,3.946312410818903,0.7166167900319027,0.7166167900319027
3233,7.313151775382072,Sableux,070525-JPB-MEB-EIHNValves-Ech6-ZigZag0106.tif,4.617783343769567,3.7634932245392942,0.8542901192302725,0.8542901192302725
3234,7.174185366130533,Sableux,070525-JPB-MEB-EIHNValves-Ech6-ZigZag0106.tif,3.7737476298244537,3.657951119529255,0.115796510295199,0.115796510295199
3235,8.283331175546156,Sableux,070525-JPB-MEB-EIHNValves-Ech6-ZigZag0106.tif,5.658601453035805,5.594025536729324,0.0645759163064818,0.0645759163064818
3236,6.883340565207309,Sableux,070525-JPB-MEB-EIHNValves-Ech6-ZigZag0106.tif,4.115909090909091,4.435677280362292,-0.3197681894532005,0.3197681894532005
3241,5.717180022222259,Sableux,070525-JPB-MEB-EIHNValves-Ech6-ZigZag0106.tif,4.003257846642828,3.355111237674585,0.6481466089682435,0.6481466089682435
3242,6.699435416530872,Sableux,070525-JPB-MEB-EIHNValves-Ech6-ZigZag0106.tif,3.5272169881860327,3.553920613631189,-0.0267036254451564,0.0267036254451564
3243,6.518047840246316,Sableux,070525-JPB-MEB-EIHNValves-Ech6-ZigZag0106.tif,4.302980495288188,3.8919010912652383,0.4110794040229497,0.4110794040229497
3244,7.267376692543659,Sableux,070525-JPB-MEB-EIHNValves-Ech6-ZigZag0106.tif,4.3418787834585375,3.611973218244541,0.729905565213997,0.729905565213997
3245,7.5187500292551155,Sableux,070525-JPB-MEB-EIHNValves-Ech6-ZigZag0106.tif,6.049243892981775,5.717740425638567,0.3315034673432082,0.3315034673432082
3246,6.863351278557101,Sableux,070525-JPB-MEB-EIHNValves-Ech6-ZigZag0106.tif,4.90708705357143,4.869686824026539,0.0374002295448905,0.0374002295448905
3250,7.582839786199854,Sableux,070525-JPB-MEB-EIHNValves-Ech6-ZigZag0106.tif,4.942015107990212,4.287482939339748,0.6545321686504639,0.6545321686504639
3251,6.553036719807637,Sableux,070525-JPB-MEB-EIHNValves-Ech6-ZigZag0106.tif,6.617491942572516,5.27481529254961,1.3426766500229066,1.3426766500229066
3252,7.362782798559326,Sableux,070525-JPB-MEB-EIHNValves-Ech6-ZigZag0106.tif,3.880254852923664,4.468091941383813,-0.5878370884601489,0.5878370884601489
3253,6.838952128185603,Sableux,070525-JPB-MEB-EIHNValves-Ech6-ZigZag0106.tif,4.54603448275862,3.675896276193689,0.8701382065649312,0.8701382065649312
3254,7.488777080903123,Sableux,070525-JPB-MEB-EIHNValves-Ech6-ZigZag0106.tif,4.129536333361797,4.324867822160184,-0.195331488798387,0.195331488798387
3255,8.050891266152409,Sableux,070525-JPB-MEB-EIHNValves-Ech6-ZigZag0106.tif,4.981816774992263,5.334278809273956,-0.3524620342816931,0.3524620342816931
3259,6.924967431244404,Sableux,070525-JPB-MEB-EIHNValves-Ech6-ZigZag0106.tif,4.809139784946237,4.0601188360602,0.7490209488860371,0.7490209488860371
3260,7.229540550053268,Sableux,070525-JPB-MEB-EIHNValves-Ech6-ZigZag0106.tif,4.652460903120981,4.634887551859816,0.0175733512611655,0.0175733512611655
3261,7.72786058633333,Sableux,070525-JPB-MEB-EIHNValves-Ech6-ZigZag0106.tif,4.792793096474078,4.505751727153883,0.2870413693201952,0.2870413693201952
3262,7.77389291471576,Sableux,070525-JPB-MEB-EIHNValves-Ech6-ZigZag0106.tif,4.700116686114352,5.371624137690704,-0.6715074515763515,0.6715074515763515
3263,7.823497406394379,Sableux,070525-JPB-MEB-EIHNValves-Ech6-ZigZag0106.tif,4.643595150237215,4.52942804551073,0.1141671047264853,0.1141671047264853
3268,7.113082168589093,Sableux,070525-JPB-MEB-EIHNValves-Ech6-ZigZag0106.tif,4.621374500297694,4.2572718771252,0.364102623172494,0.364102623172494
3269,7.1644690100132555,Sableux,070525-JPB-MEB-EIHNValves-Ech6-ZigZag0106.tif,6.000542005420054,6.400262644144036,-0.3997206387239815,0.3997206387239815
3270,8.039253928372286,Sableux,070525-JPB-MEB-EIHNValves-Ech6-ZigZag0106.tif,5.514979338842974,5.073167800295502,0.4418115385474728,0.4418115385474728
3271,7.765076176132955,Sableux,070525-JPB-MEB-EIHNValves-Ech6-ZigZag0106.tif,5.137893807046815,4.863040378613265,0.2748534284335502,0.2748534284335502
3272,7.6380852818322955,Sableux,070525-JPB-MEB-EIHNValves-Ech6-ZigZag0106.tif,4.402142749358685,4.891364312985799,-0.4892215636271144,0.4892215636271144
3273,7.566249988148278,Sableux,070525-JPB-MEB-EIHNValves-Ech6-ZigZag0106.tif,6.673773203455247,5.857626019717116,0.8161471837381313,0.8161471837381313
3278,7.0043645544919295,Sableux,070525-JPB-MEB-EIHNValves-Ech6-ZigZag0106.tif,5.975953118685166,5.75288683378263,0.2230662849025364,0.2230662849025364
3279,6.716607603056873,Sableux,070525-JPB-MEB-EIHNValves-Ech6-ZigZag0106.tif,3.954573585839832,4.317570569500937,-0.3629969836611049,0.3629969836611049
3280,7.298278676137707,Sableux,070525-JPB-MEB-EIHNValves-Ech6-ZigZag0106.tif,5.5317703768624025,5.162702206914634,0.3690681699477682,0.3690681699477682
3281,7.296871508684064,Sableux,070525-JPB-MEB-EIHNValves-Ech6-ZigZag0106.tif,4.979729274698632,4.967679385012729,0.0120498896859029,0.0120498896859029
3282,7.380148502030124,Sableux,070525-JPB-MEB-EIHNValves-Ech6-ZigZag0106.tif,5.980350170046606,5.915124005961209,0.0652261640853968,0.0652261640853968
3283,6.669694659735991,Sableux,070525-JPB-MEB-EIHNValves-Ech6-ZigZag0106.tif,4.369496124031008,4.470808401152982,-0.1013122771219734,0.1013122771219734
3287,7.502354169093091,Sableux,070525-JPB-MEB-EIHNValves-Ech6-ZigZag0106.tif,6.753925853974421,5.850327154551668,0.9035986994227524,0.9035986994227524
3288,8.177111904424965,Granuleux,070722-Nabila-JP-Valves-WholeMount-SAureus-pat08-20.tif,13.515926540776093,9.562038020944492,3.953888519831601,3.953888519831601
3290,8.620108704737943,Granuleux,070722-Nabila-JP-Valves-WholeMount-SAureus-pat08-20.tif,10.036405972797162,9.360990309939622,0.6754156628575405,0.6754156628575405
3292,8.149157106262892,Granuleux,070722-Nabila-JP-Valves-WholeMount-SAureus-pat08-20.tif,10.51802939825448,9.32356997334124,1.1944594249132408,1.1944594249132408
3296,7.544318103424771,Granuleux,070722-Nabila-JP-Valves-WholeMount-SAureus-pat08-20.tif,11.5375491194877,9.627693045754958,1.909856073732742,1.909856073732742
3298,8.130323137968134,Granuleux,070722-Nabila-JP-Valves-WholeMount-SAureus-pat08-20.tif,8.361631358100503,8.174906021328121,0.1867253367723815,0.1867253367723815
3305,8.270394305813923,Granuleux,070722-Nabila-JP-Valves-WholeMount-SAureus-pat08-20.tif,10.102572848650231,9.129209965278603,0.973362883371628,0.973362883371628
3306,7.783339977747733,Granuleux,070722-Nabila-JP-Valves-WholeMount-SAureus-pat08-20.tif,8.34932927672521,8.331344774921995,0.017984501803216,0.017984501803216
3308,8.880989097296583,Granuleux,070722-Nabila-JP-Valves-WholeMount-SAureus-pat08-20.tif,10.500770284149262,6.653900575292576,3.846869708856686,3.846869708856686
3319,7.8445776465388635,Granuleux,070722-Nabila-JP-Valves-WholeMount-SAureus-pat08-20.tif,9.614373601789708,8.481686421145943,1.1326871806437655,1.1326871806437655
3320,8.433354332360796,Granuleux,070722-Nabila-JP-Valves-WholeMount-SAureus-pat08-20.tif,12.20923913043478,9.651922744374948,2.557316386059832,2.557316386059832
3322,9.06537681463114,Granuleux,070722-Nabila-JP-Valves-WholeMount-SAureus-pat08-20.tif,11.12777129521587,9.256209611015633,1.8715616842002396,1.8715616842002396
3323,10.025383633847294,Granuleux,070722-Nabila-JP-Valves-WholeMount-SAureus-pat08-20.tif,12.37761140819964,11.414528383687692,0.9630830245119472,0.9630830245119472
3324,8.865545106751098,Granuleux,070722-Nabila-JP-Valves-WholeMount-SAureus-pat08-20.tif,10.433660276415516,9.355246634062755,1.0784136423527606,1.0784136423527606
3328,7.862161636756369,Granuleux,070722-Nabila-JP-Valves-WholeMount-SAureus-pat08-20.tif,7.462540439298485,7.285455430331763,0.1770850089667224,0.1770850089667224
3331,7.45469469329919,Granuleux,070722-Nabila-JP-Valves-WholeMount-SAureus-pat08-20.tif,9.65750833258265,9.30562062323494,0.3518877093477091,0.3518877093477091
3333,7.096343229000352,Granuleux,070722-Nabila-JP-Valves-WholeMount-SAureus-pat08-20.tif,10.056698165647582,9.28436642164206,0.7723317440055215,0.7723317440055215
3334,8.160124246656192,Granuleux,070722-Nabila-JP-Valves-WholeMount-SAureus-pat08-20.tif,9.059312815919125,9.183519891372011,-0.1242070754528885,0.1242070754528885
3335,7.681066647938377,Granuleux,070722-Nabila-JP-Valves-WholeMount-SAureus-pat08-20.tif,8.364007755158564,9.060895758176295,-0.6968880030177314,0.6968880030177314
3340,8.373749949625592,Granuleux,070722-Nabila-JP-Valves-WholeMount-SAureus-pat08-20.tif,10.497315569695765,8.753284636168656,1.7440309335271085,1.7440309335271085
3341,7.571369529792917,Granuleux,070722-Nabila-JP-Valves-WholeMount-SAureus-pat08-20.tif,12.416945230136283,9.881805567362033,2.53513966277425,2.53513966277425
3342,7.708943836185725,Granuleux,070722-Nabila-JP-Valves-WholeMount-SAureus-pat08-20.tif,12.106333009394234,10.140053991993378,1.966279017400856,1.966279017400856
3343,7.606544464956348,Granuleux,070722-Nabila-JP-Valves-WholeMount-SAureus-pat08-20.tif,12.961924524659784,9.70383748624576,3.258087038414024,3.258087038414024
3344,8.446915863120914,Granuleux,070722-Nabila-JP-Valves-WholeMount-SAureus-pat08-20.tif,14.864362454057114,9.31338512449291,5.550977329564203,5.550977329564203
3345,7.714374187949134,Granuleux,070722-Nabila-JP-Valves-WholeMount-SAureus-pat08-20.tif,9.208880308880309,9.716317371949843,-0.5074370630695366,0.5074370630695366
3347,8.551492186105012,Granuleux,070722-Nabila-JP-Valves-WholeMount-SAureus-pat08-20.tif,10.31805943358596,8.952643882149061,1.3654155514368984,1.3654155514368984
3348,8.25116110361647,Granuleux,070722-Nabila-JP-Valves-WholeMount-SAureus-pat10-00.tif,7.551718290752884,7.062171506688517,0.489546784064367,0.489546784064367
3357,8.229857173242765,Granuleux,070722-Nabila-JP-Valves-WholeMount-SAureus-pat10-00.tif,8.148906597479614,8.211071071302479,-0.0621644738228646,0.0621644738228646
3360,7.911019403869552,Granuleux,070722-Nabila-JP-Valves-WholeMount-SAureus-pat10-00.tif,8.548000297907201,7.845087431618727,0.7029128662884743,0.7029128662884743
3363,7.744401354521818,Granuleux,070722-Nabila-JP-Valves-WholeMount-SAureus-pat10-00.tif,7.858089477897359,7.999015366363393,-0.1409258884660342,0.1409258884660342
3369,8.395202117009859,Granuleux,070722-Nabila-JP-Valves-WholeMount-SAureus-pat10-00.tif,8.894739819004522,8.337908974999403,0.5568308440051197,0.5568308440051197
3373,8.475180675506646,Granuleux,070722-Nabila-JP-Valves-WholeMount-SAureus-pat10-00.tif,9.290757042253524,8.337388384780123,0.9533686574734012,0.9533686574734012
3375,8.0206767049491,Granuleux,070722-Nabila-JP-Valves-WholeMount-SAureus-pat10-00.tif,6.730789200415368,7.6688522388153455,-0.9380630383999772,0.9380630383999772
3381,9.049692436950949,Granuleux,070722-Nabila-JP-Valves-WholeMount-SAureus-pat10-00.tif,7.64753316569843,8.61487451704368,-0.9673413513452492,0.9673413513452492
3382,9.832322844627592,Granuleux,070722-Nabila-JP-Valves-WholeMount-SAureus-pat10-00.tif,6.950400887069259,7.037115463798441,-0.0867145767291823,0.0867145767291823
3383,8.306237491895793,Granuleux,070722-Nabila-JP-Valves-WholeMount-SAureus-pat10-00.tif,8.791358747347624,7.444788440718293,1.3465703066293315,1.3465703066293315
3398,8.322410246015417,Granuleux,070722-Nabila-JP-Valves-WholeMount-SAureus-pat10-00.tif,6.88737340738321,6.826766721813937,0.0606066855692732,0.0606066855692732
3399,9.604914640329563,Granuleux,070722-Nabila-JP-Valves-WholeMount-SAureus-pat10-00.tif,7.421026974325642,7.924588377095658,-0.5035614027700159,0.5035614027700159
3401,7.753112992884385,Granuleux,070722-Nabila-JP-Valves-WholeMount-SAureus-pat10-00.tif,7.061352253756259,6.761486337576384,0.2998659161798747,0.2998659161798747
3409,8.123653132165634,Granuleux,310120-pat18-WholeMount-24.tif,10.358950328022496,9.82630227926027,0.5326480487622263,0.5326480487622263
3410,8.759646524666792,Granuleux,310120-pat18-WholeMount-24.tif,8.32618920837771,8.294551238315652,0.0316379700620572,0.0316379700620572
3411,8.449826490608704,Granuleux,310120-pat18-WholeMount-24.tif,9.140388438599174,9.207747186128284,-0.0673587475291093,0.0673587475291093
3412,8.918930069989207,Granuleux,310120-pat18-WholeMount-24.tif,7.517824635922331,8.19170257516468,-0.6738779392423488,0.6738779392423488
3413,7.878533128424319,Sableux,310120-pat18-WholeMount-24.tif,6.110017558451161,6.639767110013798,-0.5297495515626371,0.5297495515626371
3414,8.305654146726763,Granuleux,310120-pat18-WholeMount-24.tif,7.147245857590684,7.78816692355894,-0.6409210659682563,0.6409210659682563
3415,8.222748307869495,Granuleux,310120-pat18-WholeMount-24.tif,7.6639287136598995,7.278774840240901,0.3851538734189983,0.3851538734189983
3416,8.203759245927493,Granuleux,310120-pat18-WholeMount-24.tif,6.009405125793559,6.071821929854568,-0.0624168040610095,0.0624168040610095
3419,7.074570167132433,Granuleux,310120-pat18-WholeMount-24.tif,7.920795217824473,8.557280057877211,-0.6364848400527379,0.6364848400527379
3420,8.195047539636688,Granuleux,310120-pat18-WholeMount-24.tif,9.265248014386332,8.794004399916016,0.4712436144703158,0.4712436144703158
3427,8.112334684973906,Granuleux,310120-pat18-WholeMount-24.tif,4.843742214101819,6.349502460528314,-1.5057602464264956,1.5057602464264956
3428,7.657250754858401,Granuleux,310120-pat18-WholeMount-24.tif,6.41267811472415,6.701844866364629,-0.2891667516404794,0.2891667516404794
3435,8.468498922334037,Granuleux,310120-pat18-WholeMount-24.tif,6.437079999999999,7.152503794754934,-0.7154237947549351,0.7154237947549351
3436,7.18249659764064,Granuleux,310120-pat18-WholeMount-24.tif,5.209146725440807,3.92483947333064,1.2843072521101662,1.2843072521101662
3437,8.78893679138426,Granuleux,310120-pat18-WholeMount-24.tif,8.75914861837192,7.214942531734882,1.544206086637038,1.544206086637038
3438,7.8114162654788295,Granuleux,310120-pat18-WholeMount-24.tif,4.658155049459397,5.666467782901718,-1.0083127334423203,1.0083127334423203
3439,7.689067281754453,Granuleux,310120-pat18-WholeMount-24.tif,6.707162284678151,6.991229394555124,-0.2840671098769736,0.2840671098769736
3440,8.505266130780122,Granuleux,310120-pat18-WholeMount-24.tif,6.065923775634422,6.579595952139711,-0.5136721765052883,0.5136721765052883
3441,8.208940606973819,Granuleux,310120-pat18-WholeMount-24.tif,5.793184796854522,6.146620374239387,-0.3534355773848645,0.3534355773848645
3442,8.797418042463242,Granuleux,310120-pat18-WholeMount-24.tif,6.132679881721607,6.555736362603287,-0.4230564808816792,0.4230564808816792
3443,8.529785161741527,Granuleux,310120-pat18-WholeMount-24.tif,6.302166323516247,6.895556549847537,-0.59339022633129,0.59339022633129
3452,8.784832578380145,Granuleux,310120-pat18-WholeMount-24.tif,8.711053412462908,8.725600521439056,-0.0145471089761475,0.0145471089761475
3453,8.162895698052786,Granuleux,310120-pat18-WholeMount-24.tif,5.367194157029824,6.981491151783353,-1.6142969947535288,1.6142969947535288
3454,8.209546305734062,Granuleux,310120-pat18-WholeMount-24.tif,5.356872580077438,7.054173160729669,-1.6973005806522314,1.6973005806522314
3455,7.586418094354597,Granuleux,310120-pat18-WholeMount-24.tif,6.595857875736272,5.975925542086234,0.6199323336500377,0.6199323336500377
3462,7.2845810217127624,Granuleux,310120-pat18-WholeMount-24.tif,5.863501345957486,7.112373020878821,-1.248871674921335,1.248871674921335
3463,7.098218643611629,Sableux,310120-pat18-WholeMount-24.tif,4.973932104982522,6.1577126276649645,-1.1837805226824427,1.1837805226824427
3464,7.609777396537309,Sableux,310120-pat18-WholeMount-24.tif,6.627765325017054,6.562560166078975,0.0652051589380793,0.0652051589380793
3465,7.890058728476351,Granuleux,310120-pat18-WholeMount-24.tif,9.28660797034291,7.780431666184667,1.5061763041582434,1.5061763041582434
3541,10.001126115268423,Granuleux,A-ZIgZag-pat04-X4000-10014.tif,9.743581960104075,9.735159563994118,0.0084223961099567,0.0084223961099567
3542,8.653448673618856,Granuleux,A-ZIgZag-pat04-X4000-10014.tif,9.082414926527454,9.01804213803263,0.0643727884948237,0.0643727884948237
3552,8.234867276557118,Granuleux,A-ZIgZag-pat04-X4000-10014.tif,8.065237760599672,8.595242169024125,-0.5300044084244533,0.5300044084244533
