patch_uid,id,texture,image,x_min,y_min,x_max,y_max,D50,D10,D90,Span,Skewness,sigma_local
25,7,Granuleux,060525-JPB-MEB-EIHNValves-Ech1-ZigZag20002.tif,640,256,768,384,6.604131330264115,1.0,21.290596387032917,3.072409583081602,0.5561739123274576,7.596356493774405
28,7,Granuleux,060525-JPB-MEB-EIHNValves-Ech1-ZigZag20002.tif,1024,256,1152,384,8.135810517166451,1.0,19.23413734392737,2.241219520225254,0.4332993568587466,8.174927863105706
29,7,Granuleux,060525-JPB-MEB-EIHNValves-Ech1-ZigZag20002.tif,1152,256,1280,384,11.27526744371707,1.0,22.418524681087074,1.8996023631370398,0.07970181816016936,12.79277646553608
34,7,Granuleux,060525-JPB-MEB-EIHNValves-Ech1-ZigZag20002.tif,512,384,640,512,7.107436165447213,1.0,21.199760059062378,2.8420600043182196,0.566194693356424,12.302181440252772
35,7,Granuleux,060525-JPB-MEB-EIHNValves-Ech1-ZigZag20002.tif,640,384,768,512,6.285404283422965,1.0,20.56166832174776,3.1122370876507377,0.6546051650227767,5.832650133269882
36,7,Granuleux,060525-JPB-MEB-EIHNValves-Ech1-ZigZag20002.tif,768,384,896,512,4.769446999897783,1.0,19.342758003134097,3.8458877944397356,0.8229967165581548,6.100802556187672
42,7,Granuleux,060525-JPB-MEB-EIHNValves-Ech1-ZigZag20002.tif,256,512,384,640,6.960132890365449,1.0,19.903799654576872,2.7160113107530495,0.6586286188606446,9.253568503640054
43,7,Granuleux,060525-JPB-MEB-EIHNValves-Ech1-ZigZag20002.tif,384,512,512,640,9.931421269345448,1.0,21.300823970037452,2.0441005793096747,0.19216720855758102,15.972228253587733
44,7,Granuleux,060525-JPB-MEB-EIHNValves-Ech1-ZigZag20002.tif,512,512,640,640,10.14468659774611,1.0,19.760516959738634,1.8492948775674096,0.16275832169945775,9.487379625685126
50,8,Sableux,060525-JPB-MEB-EIHNValves-Ech1-ZigZag20002.tif,0,640,128,768,5.110945696866583,1.0,20.230356065178025,3.762582740209462,0.8191245524760961,9.361441815499909
51,7,Granuleux,060525-JPB-MEB-EIHNValves-Ech1-ZigZag20002.tif,128,640,256,768,6.974423891701975,1.0,19.3920055922725,2.6370644913273664,0.5594112769827526,9.819580032410471
52,7,Granuleux,060525-JPB-MEB-EIHNValves-Ech1-ZigZag20002.tif,256,640,384,768,9.027385054057266,1.0,21.070511405445178,2.2232918265101245,0.32472941662619215,14.841113014394638
53,7,Granuleux,060525-JPB-MEB-EIHNValves-Ech1-ZigZag20002.tif,384,640,512,768,8.719319022945967,1.0,20.902872340425535,2.282617746643822,0.342568590569263,11.69261819906335
55,7,Granuleux,060525-JPB-MEB-EIHNValves-Ech1-ZigZag20002.tif,640,640,768,768,7.027782805429865,1.0,20.227833154424165,2.7359743018193723,0.5199323223772274,7.850008689327351
61,8,Sableux,060525-JPB-MEB-EIHNValves-Ech1-ZigZag20005.tif,256,0,384,128,7.078056642873594,1.0,21.377968905061202,2.87903444875344,0.5624844176384874,8.98695976476676
62,8,Sableux,060525-JPB-MEB-EIHNValves-Ech1-ZigZag20005.tif,384,0,512,128,4.244996859014629,1.0,17.573747016706456,3.9043013616159996,1.0764084778683964,9.23232398819523
63,8,Sableux,060525-JPB-MEB-EIHNValves-Ech1-ZigZag20005.tif,512,0,640,128,4.889013327360287,1.0,21.052125919869177,4.101466814919867,0.823618337187856,7.2364564202141715
71,8,Sableux,060525-JPB-MEB-EIHNValves-Ech1-ZigZag20005.tif,256,128,384,256,5.688731144631764,1.0,20.765986394557824,3.474586140920058,0.7213073831657649,12.555606111575372
72,8,Sableux,060525-JPB-MEB-EIHNValves-Ech1-ZigZag20005.tif,384,128,512,256,6.594350803265736,1.0,21.888523786169696,3.1676391519579186,0.6415023837201567,14.401071258808265
83,8,Sableux,060525-JPB-MEB-EIHNValves-Ech1-ZigZag20005.tif,512,256,640,384,6.943088552915767,1.0,21.30597348428423,2.9246312112434008,0.5637747013824613,12.399308349989163
84,8,Sableux,060525-JPB-MEB-EIHNValves-Ech1-ZigZag20005.tif,640,256,768,384,5.42259471245571,1.0,18.729478729778307,3.26955630466973,0.8362845816858907,12.156140958099602
85,8,Sableux,060525-JPB-MEB-EIHNValves-Ech1-ZigZag20005.tif,768,256,896,384,4.011577736228967,1.0,17.95567581172918,4.226685091653777,0.9870247342726308,17.379954794104332
94,8,Sableux,060525-JPB-MEB-EIHNValves-Ech1-ZigZag20005.tif,640,384,768,512,4.476416786226686,1.0,19.063370786516867,4.035229883440558,0.9773187496658653,8.432285278892023
95,8,Sableux,060525-JPB-MEB-EIHNValves-Ech1-ZigZag20005.tif,768,384,896,512,6.1340465249856395,1.0,19.092363080951337,2.9494988352723155,0.5968852884996801,10.940877248436552
96,8,Sableux,060525-JPB-MEB-EIHNValves-Ech1-ZigZag20005.tif,896,384,1024,512,4.466123778501628,1.0,21.177726574500767,4.5179505932256845,0.8329430077439879,10.682598968547515
97,8,Sableux,060525-JPB-MEB-EIHNValves-Ech1-ZigZag20005.tif,1024,384,1152,512,7.229939179909751,1.0,21.007745637102563,2.767346327435124,0.4214585498247154,10.04713034935671
98,8,Sableux,060525-JPB-MEB-EIHNValves-Ech1-ZigZag20005.tif,1152,384,1280,512,5.9883958173935214,1.0,21.034256198347112,3.34551302373114,0.6577250181181329,13.124314871004072
184,7,Granuleux,060525-JPB-MEB-EIHNValves-Ech1-ZigZag20033.tif,512,0,640,128,7.166243654822336,1.0,21.063889882016454,2.7997777983051115,0.6728730328108136,14.511184958656104
185,7,Granuleux,060525-JPB-MEB-EIHNValves-Ech1-ZigZag20033.tif,640,0,768,128,7.444074654137301,1.0,21.67550753110674,2.777444946715521,0.5680288034576751,8.62387559457542
186,7,Granuleux,060525-JPB-MEB-EIHNValves-Ech1-ZigZag20033.tif,768,0,896,128,10.082134570765662,1.0,20.483987316686484,1.9325260122179486,0.1931368809835964,12.922008693607713
193,7,Granuleux,060525-JPB-MEB-EIHNValves-Ech1-ZigZag20033.tif,384,128,512,256,10.705632491562898,1.071392392240288,22.232015032211883,1.9765878061523472,0.1855048778758566,9.940934400283977
194,7,Granuleux,060525-JPB-MEB-EIHNValves-Ech1-ZigZag20033.tif,512,128,640,256,6.545438596491228,1.0,20.243172554347808,2.9399363038350668,0.6612931050905866,10.197037987834173
205,7,Granuleux,060525-JPB-MEB-EIHNValves-Ech1-ZigZag20033.tif,640,256,768,384,10.103106588109265,1.0,22.473279190520575,2.1254135055640515,0.19497612518640514,15.022585205405298
206,7,Granuleux,060525-JPB-MEB-EIHNValves-Ech1-ZigZag20033.tif,768,256,896,384,10.591814573504083,1.0652184303603862,22.306347449026667,2.00542870829725,0.14808121315751233,18.980277645874626
222,7,Granuleux,060525-JPB-MEB-EIHNValves-Ech1-ZigZag20033.tif,256,512,384,640,8.815330452872455,1.0,20.732366895097517,2.2384148842279386,0.32202699869153245,14.905736996362183
227,7,Granuleux,060525-JPB-MEB-EIHNValves-Ech1-ZigZag20033.tif,896,512,1024,640,5.462126783350492,1.0,20.95248028491478,3.6528775468437304,0.7415350495438834,24.680113795681198
303,8,Sableux,060525-JPB-MEB-EIHNValves-Ech1-ZigZag20047.tif,896,0,1024,128,6.108654926938929,1.0,22.02774234693877,3.4422868206562542,0.7182573509594125,7.040679956442631
304,8,Sableux,060525-JPB-MEB-EIHNValves-Ech1-ZigZag20047.tif,1024,0,1152,128,6.0655905190028605,1.0,19.62407481098289,3.0704470987013734,0.7587218718553415,6.965717296194236
309,8,Sableux,060525-JPB-MEB-EIHNValves-Ech1-ZigZag20047.tif,896,128,1024,256,6.278125514742216,1.0,19.99665792922674,3.025848700319709,0.6294291542109393,6.78523408848417
340,8,Sableux,060525-JPB-MEB-EIHNValves-Ech1-ZigZag20047.tif,1024,128,1152,256,7.650201244054154,1.0,21.386166508388737,2.6647882660907984,0.49783887093603524,8.18621484119544
360,8,Sableux,060525-JPB-MEB-EIHNValves-Ech1-ZigZag20066.tif,0,0,128,128,7.786032388663967,1.0,19.03919266055046,2.316865864418253,0.49952347575391554,11.466956416082377
361,8,Sableux,060525-JPB-MEB-EIHNValves-Ech1-ZigZag20066.tif,128,0,256,128,7.263254551261575,1.0,20.542309497731182,2.6905720238507715,0.43170914456629944,9.007024957012923
362,8,Sableux,060525-JPB-MEB-EIHNValves-Ech1-ZigZag20066.tif,384,0,512,128,7.929464423522148,1.0,20.920144127913524,2.5121676652993035,0.4011278187702632,11.507886711549473
363,8,Sableux,060525-JPB-MEB-EIHNValves-Ech1-ZigZag20066.tif,512,0,640,128,8.628234582829503,1.0,21.327148625264375,2.355887340582526,0.4092970223327466,10.626862296641907
364,8,Sableux,060525-JPB-MEB-EIHNValves-Ech1-ZigZag20066.tif,640,0,768,128,3.939441166648113,1.0,17.535173726796767,4.197339934096738,1.1950328467182483,14.501604844351995
369,8,Sableux,060525-JPB-MEB-EIHNValves-Ech1-ZigZag20066.tif,128,128,256,256,6.733690074769096,1.0,20.4000429922614,2.88104186216599,0.6383709843933592,8.246405178642236
370,8,Sableux,060525-JPB-MEB-EIHNValves-Ech1-ZigZag20066.tif,256,128,384,256,5.971487082545684,1.0,20.524754558204766,3.269663701571843,0.7034385011570402,6.366157274916814
371,8,Sableux,060525-JPB-MEB-EIHNValves-Ech1-ZigZag20066.tif,384,128,512,256,4.650867380794388,1.0,19.315946137491142,3.9381785456034013,0.9755759981330125,8.972433695277127
372,8,Sableux,060525-JPB-MEB-EIHNValves-Ech1-ZigZag20066.tif,512,128,640,256,9.49889588163851,1.0,22.943121740694114,2.310070771815749,0.30883750419043454,7.600737382854545
373,8,Sableux,060525-JPB-MEB-EIHNValves-Ech1-ZigZag20066.tif,640,128,768,256,5.733443937508642,1.0,19.35556198466657,3.201489747651152,0.6628099508204016,10.04975251820088
374,8,Sableux,060525-JPB-MEB-EIHNValves-Ech1-ZigZag20066.tif,768,128,896,256,8.320739549839228,1.0,21.525279692620636,2.466761466295051,0.36797741910620996,8.184024116425448
375,8,Sableux,060525-JPB-MEB-EIHNValves-Ech1-ZigZag20066.tif,896,128,1024,256,7.909370816599733,1.0,19.04772384034521,2.2818153629195996,0.4283565503098733,12.77282146855307
376,8,Sableux,060525-JPB-MEB-EIHNValves-Ech1-ZigZag20066.tif,1024,128,1152,256,5.353014900431694,1.0,19.356181015452535,3.4291294451603713,0.7960644008953721,13.23379627353529
378,8,Sableux,060525-JPB-MEB-EIHNValves-Ech1-ZigZag20066.tif,0,256,128,384,4.141321704950252,1.0,20.791110510672798,4.7789357892713,0.9690001421361727,13.148570427673146
379,8,Sableux,060525-JPB-MEB-EIHNValves-Ech1-ZigZag20066.tif,128,256,256,384,4.959170305676856,1.0,17.933675389088425,3.414618644918108,0.8492196314705697,12.00328421214625
380,8,Sableux,060525-JPB-MEB-EIHNValves-Ech1-ZigZag20066.tif,256,256,384,384,6.105790500975926,1.0,20.002831050228316,3.1122638497326394,0.6896390971080317,11.170285793458744
381,8,Sableux,060525-JPB-MEB-EIHNValves-Ech1-ZigZag20066.tif,384,256,512,384,6.4164214243672735,1.0,19.968806536329144,2.9562906302089824,0.6737053656544196,11.003400883598935
382,8,Sableux,060525-JPB-MEB-EIHNValves-Ech1-ZigZag20066.tif,512,256,640,384,6.301128606534996,1.0,20.092452248921752,3.0300051690931498,0.7336684672752168,9.718589169430295
383,8,Sableux,060525-JPB-MEB-EIHNValves-Ech1-ZigZag20066.tif,640,256,768,384,7.365714899098326,1.0,20.347784491440073,2.6267354569762853,0.5345672402259654,9.486527624422077
384,7,Granuleux,060525-JPB-MEB-EIHNValves-Ech1-ZigZag20066.tif,768,256,896,384,10.536309723620903,1.0,22.141332982086407,2.0065215940539938,0.2112462875256464,13.377341523242968
385,8,Sableux,060525-JPB-MEB-EIHNValves-Ech1-ZigZag20066.tif,896,256,1024,384,6.86771944216571,1.0,20.66124229979467,2.862848790688888,0.6331790845820263,13.672767463846668
386,8,Sableux,060525-JPB-MEB-EIHNValves-Ech1-ZigZag20066.tif,1024,256,1152,384,6.560638895577494,1.0,19.507689136260566,2.82101932919011,0.6192928606633401,9.554089875881543
387,8,Sableux,060525-JPB-MEB-EIHNValves-Ech1-ZigZag20066.tif,1152,256,1280,384,6.844002423263326,1.0,19.5377946356001,2.708618946800576,0.5562711529323126,18.38704734338032
390,7,Granuleux,060525-JPB-MEB-EIHNValves-Ech1-ZigZag20066.tif,256,384,384,512,5.46017937219731,1.0,18.963632260006015,3.289934457368753,0.7205517095552287,17.12161668877036
391,7,Granuleux,060525-JPB-MEB-EIHNValves-Ech1-ZigZag20066.tif,384,384,512,512,6.454414102008381,1.0,19.767359050445112,2.9076781802093215,0.5374565307046261,25.770484578744
392,7,Granuleux,060525-JPB-MEB-EIHNValves-Ech1-ZigZag20066.tif,512,384,640,512,7.79622641509434,1.0,20.240652747780185,2.4679443263125598,0.4906746537399059,15.047105335837493
393,7,Granuleux,060525-JPB-MEB-EIHNValves-Ech1-ZigZag20066.tif,640,384,768,512,6.605749316543783,1.0,19.813459960136008,2.8480432814818752,0.6386469003322798,9.64782366247881
394,8,Sableux,060525-JPB-MEB-EIHNValves-Ech1-ZigZag20066.tif,768,384,896,512,6.9094152731920335,1.0,20.4284536380732,2.8118810159600645,0.5145176106677694,10.268867073440866
395,8,Sableux,060525-JPB-MEB-EIHNValves-Ech1-ZigZag20066.tif,896,384,1024,512,6.4914691943127965,1.0,19.684973404255327,2.8783889817462756,0.5909142870247682,10.898006224900845
396,8,Sableux,060525-JPB-MEB-EIHNValves-Ech1-ZigZag20066.tif,1024,384,1152,512,6.51237371396793,1.0,21.105207687538744,3.08723187129395,0.696758808955466,8.749401499298127
397,8,Sableux,060525-JPB-MEB-EIHNValves-Ech1-ZigZag20066.tif,1152,384,1280,512,5.441018766756033,1.0,19.35212264150946,3.372920298242438,0.8331413890023454,12.268105107792024
401,7,Granuleux,060525-JPB-MEB-EIHNValves-Ech1-ZigZag20066.tif,384,512,512,640,6.255979178390545,1.0,21.05221982758621,3.205288773474623,0.7393809248355634,19.840358224147888
402,7,Granuleux,060525-JPB-MEB-EIHNValves-Ech1-ZigZag20066.tif,512,512,640,640,6.8386264792151295,1.0,21.536705475141595,3.0030453538527806,0.5692328080321648,9.72330144712385
403,7,Granuleux,060525-JPB-MEB-EIHNValves-Ech1-ZigZag20066.tif,640,512,768,640,4.971158526691546,1.0,15.740712110564537,2.965246839628532,1.0188338046958854,9.393552364932447
404,7,Granuleux,060525-JPB-MEB-EIHNValves-Ech1-ZigZag20066.tif,768,512,896,640,4.428517753146722,1.0,19.516200980392156,4.1811283170842675,0.9046428107650557,13.13727952234968
405,7,Granuleux,060525-JPB-MEB-EIHNValves-Ech1-ZigZag20066.tif,896,512,1024,640,5.654350066244664,1.0,20.529121684659472,3.4538225358992913,0.7272483429446038,9.981310658488542
406,8,Sableux,060525-JPB-MEB-EIHNValves-Ech1-ZigZag20066.tif,1024,512,1152,640,5.9412836487598435,1.0,19.848518623024837,3.1724657056155183,0.5526175674465668,8.17330446012862
407,8,Sableux,060525-JPB-MEB-EIHNValves-Ech1-ZigZag20066.tif,1152,512,1280,640,5.010444385311335,1.0,18.772824401171814,3.5471553088733585,0.8770644884200521,9.194603709547085
410,7,Granuleux,060525-JPB-MEB-EIHNValves-Ech1-ZigZag20066.tif,256,640,384,768,5.191063921526355,1.0,18.965214113389624,3.4607961652892185,0.8566532422079215,17.06917739647004
411,7,Granuleux,060525-JPB-MEB-EIHNValves-Ech1-ZigZag20066.tif,384,640,512,768,5.4132580382580375,1.0,17.887765251989396,3.119704461275562,0.8171400794788272,17.177553939413855
412,7,Granuleux,060525-JPB-MEB-EIHNValves-Ech1-ZigZag20066.tif,512,640,640,768,4.300276715227477,1.0,16.41972723780254,3.5857523268678455,1.0829828423510421,7.4439717871405575
413,8,Sableux,060525-JPB-MEB-EIHNValves-Ech1-ZigZag20066.tif,640,640,768,768,5.575530442804428,1.0,19.96061875604254,3.4006842847593823,0.886195787408502,6.4911052109297795
417,8,Sableux,060525-JPB-MEB-EIHNValves-Ech1-ZigZag20066.tif,256,0,384,128,6.831268831603616,1.0,21.7242698045808,3.033736530570098,0.5887030293169878,9.437012195414441
418,8,Sableux,060525-JPB-MEB-EIHNValves-Ech1-ZigZag20066.tif,768,0,896,128,7.186433536970719,1.0,20.862693543675142,2.763915291429498,0.6406038776438989,7.663684660427776
545,7,Granuleux,060525-JPB-MEB-EIHNValves-Ech2-ZigZag0037.tif,1152,0,1280,128,8.886859781696053,1.0,20.337757780277464,2.1759944744606807,0.3533048873618904,12.159221445204473
596,7,Granuleux,060525-JPB-MEB-EIHNValves-Ech2-ZigZag0042.tif,0,0,128,128,10.890770200031504,1.0,23.54925449393841,2.0704921763819035,0.16862163999290083,14.389489749231492
597,7,Granuleux,060525-JPB-MEB-EIHNValves-Ech2-ZigZag0042.tif,128,0,256,128,7.64349710982659,1.0,22.471973668170182,2.8091818914362516,0.5405642678560392,15.709104822667681
598,7,Granuleux,060525-JPB-MEB-EIHNValves-Ech2-ZigZag0042.tif,256,0,384,128,8.305506458191704,1.0,20.4814969781497,2.345612164196819,0.3259974129079119,19.73221339954153
599,7,Granuleux,060525-JPB-MEB-EIHNValves-Ech2-ZigZag0042.tif,384,0,512,128,8.33276827830189,1.0,21.114382557713444,2.413889584580227,0.4816901416302557,12.145933729615482
600,7,Granuleux,060525-JPB-MEB-EIHNValves-Ech2-ZigZag0042.tif,512,0,640,128,6.944345941686367,1.0,22.87907640420287,3.1506316920164474,0.5466331011372176,12.575348968141812
601,7,Granuleux,060525-JPB-MEB-EIHNValves-Ech2-ZigZag0042.tif,640,0,768,128,7.998160173160172,1.0,20.98645038167939,2.498880986248428,0.4628053444927999,9.334646822882993
602,7,Granuleux,060525-JPB-MEB-EIHNValves-Ech2-ZigZag0042.tif,768,0,896,128,7.603530735687157,1.0,21.203036075723297,2.6570598289161094,0.5323916289740591,10.896692343930805
603,7,Granuleux,060525-JPB-MEB-EIHNValves-Ech2-ZigZag0042.tif,896,0,1024,128,8.147661706650469,1.0,21.082603025560775,2.464830248065957,0.35114650750604853,10.988418662150792
604,7,Granuleux,060525-JPB-MEB-EIHNValves-Ech2-ZigZag0042.tif,1024,0,1152,128,8.388389591388858,1.0,21.29112404510731,2.418953462287596,0.3829142337228529,15.144998898885516
605,7,Granuleux,060525-JPB-MEB-EIHNValves-Ech2-ZigZag0042.tif,1152,0,1280,128,9.698905596583323,1.0188479170819216,21.79879238272178,2.1425040442666132,0.2857796606410762,14.652557195427304
606,7,Granuleux,060525-JPB-MEB-EIHNValves-Ech2-ZigZag0042.tif,0,128,128,256,8.11107647547797,1.0,21.91578389830509,2.578669300127954,0.44953945156190483,12.313087123672744
607,7,Granuleux,060525-JPB-MEB-EIHNValves-Ech2-ZigZag0042.tif,128,128,256,256,8.469000729394605,1.0,19.82727272727273,2.2230807776324957,0.36050673366373226,15.574160645244739
608,7,Granuleux,060525-JPB-MEB-EIHNValves-Ech2-ZigZag0042.tif,256,128,384,256,5.473883070396394,1.0,20.49485560991005,3.5614307721224887,0.7825179158661142,16.191735082653242
609,7,Granuleux,060525-JPB-MEB-EIHNValves-Ech2-ZigZag0042.tif,384,128,512,256,5.868933669185559,1.0,22.008136507346105,3.5795491466614986,0.6375105025103365,14.18239611969715
610,7,Granuleux,060525-JPB-MEB-EIHNValves-Ech2-ZigZag0042.tif,512,128,640,256,6.667227909482758,1.0,21.01626873958912,3.0021875675076446,0.5181300904635471,13.251227066598236
611,7,Granuleux,060525-JPB-MEB-EIHNValves-Ech2-ZigZag0042.tif,640,128,768,256,8.642872117400419,1.0,21.470452817895538,2.3684780406137245,0.3740526836408763,20.294234931149113
612,7,Granuleux,060525-JPB-MEB-EIHNValves-Ech2-ZigZag0042.tif,768,128,896,256,4.099169213139802,1.0,18.835295728368013,4.350953766728473,1.0778397056020115,15.19558064388422
613,7,Granuleux,060525-JPB-MEB-EIHNValves-Ech2-ZigZag0042.tif,896,128,1024,256,7.338530287984111,1.0,20.52747933884298,2.6609523395735915,0.4656615168785932,12.995211232763047
614,7,Granuleux,060525-JPB-MEB-EIHNValves-Ech2-ZigZag0042.tif,1024,128,1152,256,5.827050053248139,1.0,19.718702915165416,3.212380663305124,0.7222650103109753,11.206759917896022
615,7,Granuleux,060525-JPB-MEB-EIHNValves-Ech2-ZigZag0042.tif,1152,128,1280,256,8.570902282884408,1.0,21.69562240863947,2.4146375405501264,0.3225332133542347,10.713765432375101
616,7,Granuleux,060525-JPB-MEB-EIHNValves-Ech2-ZigZag0042.tif,0,256,128,384,9.026301407296078,1.0,21.135956151035327,2.2308091922079147,0.25693165157544584,16.287354995461925
617,7,Granuleux,060525-JPB-MEB-EIHNValves-Ech2-ZigZag0042.tif,128,256,256,384,10.22027011560032,1.0565680190930788,22.390467104258896,2.087410493446895,0.21265986647486607,15.510566770477565
618,7,Granuleux,060525-JPB-MEB-EIHNValves-Ech2-ZigZag0042.tif,256,256,384,384,7.386639315019622,1.0,20.45219500924213,2.6334296531426697,0.46397054928702497,14.384526819343286
619,7,Granuleux,060525-JPB-MEB-EIHNValves-Ech2-ZigZag0042.tif,384,256,512,384,6.6878478137421915,1.0,21.597738981110467,3.079875552608453,0.565489649473325,14.644658423660411
620,7,Granuleux,060525-JPB-MEB-EIHNValves-Ech2-ZigZag0042.tif,512,256,640,384,8.63575717144763,1.0,21.610735539157346,2.386673817937186,0.31762114869695307,9.76147605480579
621,7,Granuleux,060525-JPB-MEB-EIHNValves-Ech2-ZigZag0042.tif,640,256,768,384,8.797157469077069,1.0,21.054000524658978,2.2796000407121153,0.3488489010076609,12.661224165857934
622,7,Granuleux,060525-JPB-MEB-EIHNValves-Ech2-ZigZag0042.tif,768,256,896,384,9.812118570183088,1.0,22.23868675995694,2.164536293364486,0.1922094592628302,12.246948605227649
623,7,Granuleux,060525-JPB-MEB-EIHNValves-Ech2-ZigZag0042.tif,896,256,1024,384,8.080515521064301,1.0,19.751568174314954,2.3205905768553174,0.3579162628869384,8.921001337269104
624,7,Granuleux,060525-JPB-MEB-EIHNValves-Ech2-ZigZag0042.tif,1024,256,1152,384,5.387096774193548,1.0,20.351096196868014,3.5921196533108293,0.7841378051038651,12.551750022240535
625,7,Granuleux,060525-JPB-MEB-EIHNValves-Ech2-ZigZag0042.tif,1152,256,1280,384,5.669064305914177,1.0,19.742102374090848,3.306031006658082,0.7669060988577021,14.844873861507196
642,7,Granuleux,060525-JPB-MEB-EIHNValves-Ech2-ZigZag0042.tif,768,512,896,640,7.8534253850239,1.0,20.410216819973723,2.4715606080613,0.44727460498327787,9.17166269676464
643,7,Granuleux,060525-JPB-MEB-EIHNValves-Ech2-ZigZag0042.tif,896,512,1024,640,12.356875876031774,1.0,22.273726929063827,1.7216104735929068,-0.0046615400084073135,9.884343331781022
644,7,Granuleux,060525-JPB-MEB-EIHNValves-Ech2-ZigZag0042.tif,1024,512,1152,640,9.634275882704967,1.0,21.596280233527946,2.1378130006118563,0.24259619531742183,9.865217274741829
645,7,Granuleux,060525-JPB-MEB-EIHNValves-Ech2-ZigZag0042.tif,1152,512,1280,640,6.853376172990617,1.0,21.553656076651553,2.999055583385922,0.6365179962869042,11.11452573820834
646,7,Granuleux,060525-JPB-MEB-EIHNValves-Ech2-ZigZag0042.tif,0,640,128,768,7.82299546142209,1.0,22.614288724973658,2.762917201161784,0.3692770008612889,18.152406436277523
647,7,Granuleux,060525-JPB-MEB-EIHNValves-Ech2-ZigZag0042.tif,128,640,256,768,7.485328335056877,1.0,21.791662870159453,2.777655426654236,0.5543370494833821,8.333608045992198
648,7,Granuleux,060525-JPB-MEB-EIHNValves-Ech2-ZigZag0042.tif,256,640,384,768,7.869324758842443,1.0,20.472631855156134,2.474498441975663,0.5052286614607904,13.409676430588451
649,7,Granuleux,060525-JPB-MEB-EIHNValves-Ech2-ZigZag0042.tif,384,640,512,768,7.527636773829668,1.0,21.3825550660793,2.7076964097073084,0.4808452893779891,8.44386525770764
650,7,Granuleux,060525-JPB-MEB-EIHNValves-Ech2-ZigZag0042.tif,512,640,640,768,7.504337671004336,1.0,19.754668601838414,2.4991770658593513,0.5326325092978222,15.939270038929823
651,7,Granuleux,060525-JPB-MEB-EIHNValves-Ech2-ZigZag0042.tif,640,640,768,768,8.855280871374372,1.0,21.64782244556114,2.331695938895332,0.3510579740579566,14.973740962993901
652,7,Granuleux,060525-JPB-MEB-EIHNValves-Ech2-ZigZag0042.tif,768,640,896,768,9.556059767570556,1.0,23.000154010188364,2.3022202189283165,0.23517187241729698,10.59306226016388
653,7,Granuleux,060525-JPB-MEB-EIHNValves-Ech2-ZigZag0042.tif,896,640,1024,768,7.94953795977532,1.0,19.86166947982201,2.3726749372431577,0.44337378776096237,9.279523661440997
654,8,Sableux,060525-JPB-MEB-EIHNValves-Ech2-ZigZag0042.tif,1152,640,1280,768,8.227178661761323,1.0,20.28815884476535,2.344443902064967,0.44075740941826114,14.1829588748512
655,8,Sableux,060525-JPB-MEB-EIHNValves-Ech2-ZigZag0042.tif,1024,640,1152,768,6.452574865305101,1.0,21.172324723247236,3.1262441962063803,0.6912245323753582,9.847914507368488
956,8,Sableux,060525-JPB-MEB-EIHNValves-Ech3-ZigZag0030.tif,128,0,256,128,9.023897739903667,1.2469217970049917,20.920715923378452,2.180188062124858,0.35595447677273623,14.688969065746717
957,8,Sableux,060525-JPB-MEB-EIHNValves-Ech3-ZigZag0030.tif,256,0,384,128,7.606239999999999,1.0,20.70143270241851,2.590167113109567,0.4641255391413794,13.847147417068363
958,8,Sableux,060525-JPB-MEB-EIHNValves-Ech3-ZigZag0030.tif,384,0,512,128,11.009911361804996,1.1790071142557246,22.7080766192733,1.9554262334667913,0.1500697398004605,17.13091147504788
959,8,Sableux,060525-JPB-MEB-EIHNValves-Ech3-ZigZag0030.tif,512,0,640,128,8.132727272727273,1.0,18.408347049141803,2.1405300418126516,0.46064215374335965,11.190927278211962
962,8,Sableux,060525-JPB-MEB-EIHNValves-Ech3-ZigZag0030.tif,896,0,1024,128,5.702086208296128,1.0,20.020644095788597,3.3357342209444183,0.8913817045737511,7.996082818145435
963,8,Sableux,060525-JPB-MEB-EIHNValves-Ech3-ZigZag0030.tif,1024,0,1152,128,6.191025253288976,1.0,19.525427524429976,2.9923036599775394,0.7924421620844256,8.522548827636836
964,8,Sableux,060525-JPB-MEB-EIHNValves-Ech3-ZigZag0030.tif,1152,0,1280,128,7.038101958017286,1.0346179934636492,20.002345188487254,2.695006026932726,0.5354008069116751,8.656705742546285
965,8,Sableux,060525-JPB-MEB-EIHNValves-Ech3-ZigZag0030.tif,0,128,128,256,10.92597593911122,1.17312240617609,21.402171969967824,1.8514638579221763,0.18179933423683872,14.005274271815715
966,8,Sableux,060525-JPB-MEB-EIHNValves-Ech3-ZigZag0030.tif,128,128,256,256,7.865567216391803,1.0,21.47309607228471,2.602875992162254,0.5571558447655554,16.186648666794984
967,8,Sableux,060525-JPB-MEB-EIHNValves-Ech3-ZigZag0030.tif,256,128,384,256,9.285305144761507,1.0,22.244079924395834,2.287924800875404,0.3178959310039413,18.70720967874607
969,8,Sableux,060525-JPB-MEB-EIHNValves-Ech3-ZigZag0030.tif,640,128,768,256,6.66660538314458,1.0,18.656453051344123,2.6484923040421102,0.6377866954097853,12.88550995331599
970,8,Sableux,060525-JPB-MEB-EIHNValves-Ech3-ZigZag0030.tif,768,128,896,256,7.861153134980669,1.0,21.503286561823145,2.608177987347344,0.4641232267116487,11.437386438582472
971,8,Sableux,060525-JPB-MEB-EIHNValves-Ech3-ZigZag0030.tif,896,128,1024,256,6.808466369070137,1.0,20.372959183673487,2.845421881156966,0.6897097484908389,9.599604090304002
972,8,Sableux,060525-JPB-MEB-EIHNValves-Ech3-ZigZag0030.tif,1024,128,1152,256,7.411128526645768,1.0,20.645232497387667,2.650774767534491,0.5177693084932737,9.139927190244393
973,8,Sableux,060525-JPB-MEB-EIHNValves-Ech3-ZigZag0030.tif,1152,128,1280,256,8.323317447402067,1.0044401795589097,19.462452861124778,2.2176269015579977,0.49639790577973514,7.7495694185053035
974,8,Sableux,060525-JPB-MEB-EIHNValves-Ech3-ZigZag0030.tif,0,256,128,384,8.334739263803684,1.0,18.524780785360285,2.1026189579159777,0.4588971790850858,11.253509344339994
975,8,Sableux,060525-JPB-MEB-EIHNValves-Ech3-ZigZag0030.tif,128,256,256,384,9.569960346362388,1.0923119122257055,21.141966908922225,2.0950614496869404,0.25450603593366217,12.697626984968043
976,8,Sableux,060525-JPB-MEB-EIHNValves-Ech3-ZigZag0030.tif,256,256,384,384,8.465802987861812,1.0,20.23731754618761,2.272355921082725,0.46301702640034265,11.652182095327385
977,8,Sableux,060525-JPB-MEB-EIHNValves-Ech3-ZigZag0030.tif,384,256,512,384,7.714131815921772,1.177290127991957,20.45190260252366,2.4986107230822,0.5423638430246752,23.453601480249574
978,8,Sableux,060525-JPB-MEB-EIHNValves-Ech3-ZigZag0030.tif,512,256,640,384,6.420133538777606,1.0,21.89525745257453,3.2546453008130087,0.6854624222270628,13.23788935116976
979,8,Sableux,060525-JPB-MEB-EIHNValves-Ech3-ZigZag0030.tif,640,256,768,384,9.000334128878283,1.0,19.74315871101155,2.0824958765555874,0.38903641887748636,13.765575759033222
980,8,Sableux,060525-JPB-MEB-EIHNValves-Ech3-ZigZag0030.tif,768,256,896,384,8.402799079754601,1.0,22.523014169171322,2.5614100688219583,0.47095824973813194,14.354894691978387
981,8,Sableux,060525-JPB-MEB-EIHNValves-Ech3-ZigZag0030.tif,896,256,1024,384,9.20133779264214,1.091817845242503,20.158011468138053,2.0721110399991898,0.2909541839065948,12.107978267103512
982,8,Sableux,060525-JPB-MEB-EIHNValves-Ech3-ZigZag0030.tif,1024,256,1152,384,8.459282239300572,1.061252433049198,21.742737464580507,2.44482740337569,0.5074134966339373,11.096374190601233
987,8,Sableux,060525-JPB-MEB-EIHNValves-Ech3-ZigZag0030.tif,384,384,512,512,9.328593673168333,1.0703020554066132,21.843903030303032,2.226873814286408,0.3897854641746803,10.10387079782327
995,8,Sableux,060525-JPB-MEB-EIHNValves-Ech3-ZigZag0030.tif,128,512,256,640,8.867135511191773,1.0,22.546441815292244,2.4299213413505543,0.3504118701892066,14.446654826170226
1173,8,Sableux,060525-JPB-MEB-EIHNValves-Ech3-ZigZag0045.tif,384,512,512,640,6.957587517820372,1.0,21.411617556783305,2.933720561114512,0.5207734658851482,10.899332862738154
1183,8,Sableux,060525-JPB-MEB-EIHNValves-Ech3-ZigZag0045.tif,384,640,512,768,5.942433493240298,1.0,20.32270389419544,3.2516483215463183,0.7292301341123469,16.915372845217494
1289,8,Sableux,060525-JPB-MEB-EIHNValves-Ech3-ZigZag0050.tif,128,512,256,640,4.973136838378474,1.0,19.008721541155865,3.621199682699206,0.9026267994963852,8.236032825546852
1290,8,Sableux,060525-JPB-MEB-EIHNValves-Ech3-ZigZag0050.tif,256,512,384,640,5.00582698341551,1.0,19.546123101518784,3.7049069340516114,0.8087936345682993,8.655556814338123
1291,8,Sableux,060525-JPB-MEB-EIHNValves-Ech3-ZigZag0050.tif,384,512,512,640,3.9206499382969966,1.0,15.196562214785523,3.620971634348985,1.1721802403865151,7.597009716620489
1292,8,Sableux,060525-JPB-MEB-EIHNValves-Ech3-ZigZag0050.tif,640,512,768,640,4.7718257733915355,1.0,16.18070507960578,3.1813200650065268,1.0021080180216368,10.15522809976398
1293,8,Sableux,060525-JPB-MEB-EIHNValves-Ech3-ZigZag0050.tif,768,512,896,640,4.689450474898236,1.0,19.234889995848906,3.888491859218241,0.8824794355287201,9.067493230366171
1294,8,Sableux,060525-JPB-MEB-EIHNValves-Ech3-ZigZag0050.tif,896,512,1024,640,5.3208272327964865,1.0,21.135144157814878,3.7842131076359675,0.8418053445961303,5.904079053408649
1295,8,Sableux,060525-JPB-MEB-EIHNValves-Ech3-ZigZag0050.tif,1024,512,1152,640,4.355423280423279,1.0,18.165744178197766,3.9412344272838444,1.0981094902593669,5.08756781961662
1296,8,Sableux,060525-JPB-MEB-EIHNValves-Ech3-ZigZag0050.tif,1152,512,1280,640,5.930380613362541,1.0,18.14982288828338,2.891858719765946,0.7335666441721029,5.187090575695983
1298,8,Sableux,060525-JPB-MEB-EIHNValves-Ech3-ZigZag0050.tif,128,640,256,768,5.532181623604953,1.0,19.183362304444994,3.286833936698577,0.7987703859079305,9.809982313938317
1299,8,Sableux,060525-JPB-MEB-EIHNValves-Ech3-ZigZag0050.tif,256,640,384,768,4.227733704097489,1.0,17.953642914331464,4.0101018893172276,1.174448577857407,7.335865962905565
1300,8,Sableux,060525-JPB-MEB-EIHNValves-Ech3-ZigZag0050.tif,384,640,512,768,5.67663273960984,1.0,21.91488756784699,3.6843827189857077,0.730769227727192,7.441490416163452
1301,8,Sableux,060525-JPB-MEB-EIHNValves-Ech3-ZigZag0050.tif,512,640,640,768,4.299637226175527,1.0,15.889362912400458,3.46293469173546,1.2402079903963998,7.502404878169276
1302,8,Sableux,060525-JPB-MEB-EIHNValves-Ech3-ZigZag0050.tif,640,640,768,768,4.7404554588077685,1.0,18.571900826446278,3.7067958931662734,0.9913259622453902,6.404628738955984
1303,8,Sableux,060525-JPB-MEB-EIHNValves-Ech3-ZigZag0050.tif,768,640,896,768,5.119768757069246,1.0,21.739075364154527,4.050783609224252,0.7471680731407181,10.493054543549812
1304,8,Sableux,060525-JPB-MEB-EIHNValves-Ech3-ZigZag0050.tif,896,640,1024,768,4.996406893183561,1.0,19.512789221907642,3.7052204949849163,0.8221786324321113,8.244304437327045
1305,8,Sableux,060525-JPB-MEB-EIHNValves-Ech3-ZigZag0050.tif,1024,640,1152,768,4.468231501140205,1.0,16.52110296461587,3.473656850737297,1.08041036952079,8.139051735419208
1306,8,Sableux,060525-JPB-MEB-EIHNValves-Ech3-ZigZag0050.tif,1152,640,1280,768,4.311873660930265,1.0,16.82672917307101,3.6704992812002923,1.0396929260856238,7.850239106047753
1308,8,Sableux,060525-JPB-MEB-EIHNValves-Ech3-ZigZag0050.tif,512,512,640,640,5.513530601922102,1.0,16.834102487264,2.871862628593009,0.8441687075428621,8.921349414561421
1338,8,Sableux,060525-JPB-MEB-EIHNValves-Ech3-ZigZag0053.tif,640,256,768,384,4.760465505693235,1.0,18.300247678018575,3.6341504118302095,0.9004802902673044,9.976596424273628
1339,8,Sableux,060525-JPB-MEB-EIHNValves-Ech3-ZigZag0053.tif,768,256,896,384,6.275049504950495,1.0,21.135852881552275,3.2088755420442108,0.652894806176188,9.161148480966261
1340,8,Sableux,060525-JPB-MEB-EIHNValves-Ech3-ZigZag0053.tif,896,256,1024,384,6.381716154118062,1.0,19.526777806720514,2.9031027640998035,0.8031850177086359,8.735673671389497
1341,8,Sableux,060525-JPB-MEB-EIHNValves-Ech3-ZigZag0053.tif,1024,256,1152,384,4.705874335559493,1.0,16.037461512145057,3.195466015425849,1.0380402478634803,6.343783184725778
1342,8,Sableux,060525-JPB-MEB-EIHNValves-Ech3-ZigZag0053.tif,1152,256,1280,384,5.527247299382716,1.0,18.90775353016688,3.239904523933065,0.8973191956199459,8.686587552482115
1343,8,Sableux,060525-JPB-MEB-EIHNValves-Ech3-ZigZag0053.tif,0,384,128,512,4.611331849968214,1.0,19.79287531806616,4.075368229722113,0.9781372017510827,6.984609081252133
1344,8,Sableux,060525-JPB-MEB-EIHNValves-Ech3-ZigZag0053.tif,128,384,256,512,6.58485865915737,1.0,20.277566328656757,2.9275596222324394,0.5862273976431098,6.4784414283107905
1345,8,Sableux,060525-JPB-MEB-EIHNValves-Ech3-ZigZag0053.tif,256,384,384,512,5.217587105949279,1.0,17.417910983488873,3.146648182407647,0.8443609586447512,8.33429530144608
1346,8,Sableux,060525-JPB-MEB-EIHNValves-Ech3-ZigZag0053.tif,384,384,512,512,5.005959879833316,1.0,18.595462735462743,3.514902867349512,0.8942731948714633,7.422051742858536
1347,8,Sableux,060525-JPB-MEB-EIHNValves-Ech3-ZigZag0053.tif,512,384,640,512,9.904232347225223,1.0078409388197482,18.70316683831102,1.786642849150122,0.15256030291817857,19.101356248970742
1348,8,Sableux,060525-JPB-MEB-EIHNValves-Ech3-ZigZag0053.tif,640,384,768,512,4.478697033077698,1.0,18.768329532497162,3.9672988374225917,1.0525187162339165,6.961100206068372
1349,8,Sableux,060525-JPB-MEB-EIHNValves-Ech3-ZigZag0053.tif,768,384,896,512,4.9156601981272905,1.0,18.819619260918255,3.625071413135302,0.9329228225232065,6.339801555500184
1350,8,Sableux,060525-JPB-MEB-EIHNValves-Ech3-ZigZag0053.tif,896,384,1024,512,5.708760637137246,1.0,19.36571853109744,3.2171113308942725,0.7265618277971805,7.117162807015588
1351,8,Sableux,060525-JPB-MEB-EIHNValves-Ech3-ZigZag0053.tif,1024,384,1152,512,4.731732917992821,1.0,18.469944962909786,3.6920817944898827,1.0053928580147893,6.525005731988907
1352,8,Sableux,060525-JPB-MEB-EIHNValves-Ech3-ZigZag0053.tif,1152,384,1280,512,4.443102104442712,1.0,16.847762430939234,3.566823822277877,1.1106196247443678,6.554910080566776
1353,8,Sableux,060525-JPB-MEB-EIHNValves-Ech3-ZigZag0053.tif,0,512,128,640,5.687275341480948,1.0,20.469715603382014,3.423381924447527,0.7352617499730041,6.753859493872598
1354,8,Sableux,060525-JPB-MEB-EIHNValves-Ech3-ZigZag0053.tif,128,512,256,640,6.366937391578615,1.0,18.954221516114394,2.8199148840166046,0.7088001348807066,11.455439567717363
1355,8,Sableux,060525-JPB-MEB-EIHNValves-Ech3-ZigZag0053.tif,256,512,384,640,6.322565395524742,1.0,18.6217884551218,2.787126324955833,0.6215893587024289,11.989379278004092
1356,8,Sableux,060525-JPB-MEB-EIHNValves-Ech3-ZigZag0053.tif,384,512,512,640,4.371752750611247,1.0,17.344306898774985,3.738616484312789,0.9866454200922925,7.09503988898626
1357,8,Sableux,060525-JPB-MEB-EIHNValves-Ech3-ZigZag0053.tif,512,512,640,640,4.986414627039627,1.0,19.400337537750936,3.69009376756842,0.9460571768273583,7.93657500122488
1358,8,Sableux,060525-JPB-MEB-EIHNValves-Ech3-ZigZag0053.tif,640,512,768,640,4.818544366899302,1.0,17.279451114922814,3.378499786523398,0.914416565134758,6.911685737407273
1359,8,Sableux,060525-JPB-MEB-EIHNValves-Ech3-ZigZag0053.tif,768,512,896,640,4.78965394220478,1.0,17.713292285403835,3.4894571689474394,1.058809001622453,5.661495250110993
1360,8,Sableux,060525-JPB-MEB-EIHNValves-Ech3-ZigZag0053.tif,896,512,1024,640,5.290602456619225,1.0,20.364738871363496,3.6602143196632957,0.8959140986692825,6.797147345293422
1361,8,Sableux,060525-JPB-MEB-EIHNValves-Ech3-ZigZag0053.tif,1024,512,1152,640,4.899932840832774,1.0,16.287386018237072,3.119917459039885,1.0763632486676946,7.321681424918506
1362,8,Sableux,060525-JPB-MEB-EIHNValves-Ech3-ZigZag0053.tif,1152,512,1280,640,5.085359054415699,1.0,19.40537401269939,3.619287019019376,0.9305243480634747,7.468810137103595
1363,8,Sableux,060525-JPB-MEB-EIHNValves-Ech3-ZigZag0053.tif,0,640,128,768,5.383666524883029,1.0,19.444033039020226,3.425924126944501,0.8692519564626147,7.263273672619182
1364,8,Sableux,060525-JPB-MEB-EIHNValves-Ech3-ZigZag0053.tif,128,640,256,768,5.374460312188642,1.0,19.02458993605783,3.3537488211011968,0.8161570762142661,6.596498546753411
1365,8,Sableux,060525-JPB-MEB-EIHNValves-Ech3-ZigZag0053.tif,256,640,384,768,5.099418242260545,1.0,18.64181715575621,3.459574468623246,0.9239669647836711,6.11143339431573
1366,8,Sableux,060525-JPB-MEB-EIHNValves-Ech3-ZigZag0053.tif,384,640,512,768,5.132959354394253,1.0,17.008302679978982,3.118727730870205,0.8785518980663918,6.470444712673313
1367,8,Sableux,060525-JPB-MEB-EIHNValves-Ech3-ZigZag0053.tif,512,640,640,768,5.689485284584467,1.0,19.010995542347693,3.165663437279306,0.6565184569831064,7.458013854224772
1368,8,Sableux,060525-JPB-MEB-EIHNValves-Ech3-ZigZag0053.tif,640,640,768,768,5.720731998092514,1.0,20.221348628987133,3.359945656499235,0.7860331584338217,6.843540536819104
1369,8,Sableux,060525-JPB-MEB-EIHNValves-Ech3-ZigZag0053.tif,768,640,896,768,5.366392543859648,1.0,17.913178610206295,3.1516849488691894,0.8965522034789012,5.14743848349592
1370,8,Sableux,060525-JPB-MEB-EIHNValves-Ech3-ZigZag0053.tif,896,640,1024,768,5.242041971233199,1.0,16.54620860414732,2.9656780104891167,0.9293179226888747,5.838267207004376
1371,8,Sableux,060525-JPB-MEB-EIHNValves-Ech3-ZigZag0053.tif,1024,640,1152,768,4.859398125308338,1.0,17.290319204604916,3.352332693170981,1.0777258246561654,5.660089943907464
1372,8,Sableux,060525-JPB-MEB-EIHNValves-Ech3-ZigZag0053.tif,1152,640,1280,768,4.705891238670695,1.0,17.286514322497588,3.46087775864071,1.0931041185795334,4.636411320441847
1401,7,Granuleux,060525-JPB-MEB-EIHNValves-Ech3-ZigZag0061.tif,1024,256,1152,384,9.0797931925894,1.0,21.206982915906455,2.225489335197487,0.3287575209214022,20.10423253959445
1402,7,Granuleux,060525-JPB-MEB-EIHNValves-Ech3-ZigZag0061.tif,1152,256,1280,384,9.716134143121204,1.2773442523095664,21.107247565351106,2.0409252302347687,0.25803284560069795,18.133261816382134
1416,7,Granuleux,060525-JPB-MEB-EIHNValves-Ech3-ZigZag0061.tif,384,512,512,640,5.574841315637623,1.0,18.773307812771893,3.1881280213155394,0.8142418659197431,10.946320598283588
1550,7,Granuleux,060722-Nabila-JP-Valves-WholeMount-SAureus-pat02-28.tif,0,0,128,128,11.207086469616302,1.8032926593066048,21.570523764358732,1.7638153465348339,0.07525601551873999,18.5823087816882
1551,7,Granuleux,060722-Nabila-JP-Valves-WholeMount-SAureus-pat02-28.tif,128,0,256,128,9.646040974529349,1.7322345420037961,21.823894139886576,2.0828917947721135,0.3307355000344621,21.45600940061845
1552,7,Granuleux,060722-Nabila-JP-Valves-WholeMount-SAureus-pat02-28.tif,256,0,384,128,10.095415502431957,1.48930257179408,21.789716616573635,2.0108547330111617,0.21610153614151772,18.877542676565465
1553,7,Granuleux,060722-Nabila-JP-Valves-WholeMount-SAureus-pat02-28.tif,384,0,512,128,9.064173563777995,1.4550178058094136,19.424440940366974,1.982466797234166,0.3841761353185356,21.739019448906642
1554,7,Granuleux,060722-Nabila-JP-Valves-WholeMount-SAureus-pat02-28.tif,512,0,640,128,10.134365186182144,1.4212291879334016,19.442155552585866,1.7781998214573294,0.14348044689762374,13.744130093244014
1555,7,Granuleux,060722-Nabila-JP-Valves-WholeMount-SAureus-pat02-28.tif,640,0,768,128,10.046809964589675,1.5105888394385485,22.647380325711463,2.103831122592172,0.3117344086809527,17.530730504037194
1556,7,Granuleux,060722-Nabila-JP-Valves-WholeMount-SAureus-pat02-28.tif,768,0,896,128,8.291811730048206,1.3262203963267278,19.114040602488537,2.1452272175574825,0.46065717879393364,14.031157235086365
1557,7,Granuleux,060722-Nabila-JP-Valves-WholeMount-SAureus-pat02-28.tif,896,0,1024,128,9.103696353262219,1.1544362544362545,20.07627486437613,2.0784786613801574,0.3728714798090071,19.897628117332925
1558,7,Granuleux,060722-Nabila-JP-Valves-WholeMount-SAureus-pat02-28.tif,1024,0,1152,128,6.209448388858548,1.0,18.29615506831904,2.7854575777379975,0.7625282932062114,9.93701390136167
1560,7,Granuleux,060722-Nabila-JP-Valves-WholeMount-SAureus-pat02-28.tif,0,128,128,256,9.550707296319931,1.6560473170512302,19.91712307972555,1.9120129217770772,0.2963972966917931,15.876584384989664
1561,7,Granuleux,060722-Nabila-JP-Valves-WholeMount-SAureus-pat02-28.tif,128,128,256,256,9.108187331536389,1.502423873854307,21.569149131955097,2.2031524525874997,0.35580747202133856,24.899964373141295
1562,7,Granuleux,060722-Nabila-JP-Valves-WholeMount-SAureus-pat02-28.tif,256,128,384,256,9.062916428707405,1.3422195802277197,22.17979654601373,2.2992131870246055,0.45721535378592415,18.930363548064104
1563,7,Granuleux,060722-Nabila-JP-Valves-WholeMount-SAureus-pat02-28.tif,384,128,512,256,10.698687107559326,1.539477497255763,21.42863293864371,1.859027677081513,0.12995316657467454,17.3751670941716
1564,7,Granuleux,060722-Nabila-JP-Valves-WholeMount-SAureus-pat02-28.tif,512,128,640,256,9.735851546827156,1.5550087032201914,19.880086039411594,1.882226454260533,0.3272573182329012,19.529555779789703
1565,7,Granuleux,060722-Nabila-JP-Valves-WholeMount-SAureus-pat02-28.tif,640,128,768,256,10.480150462962964,1.4224226409313727,21.5039046919282,1.9161444410521715,0.1513435146635795,17.78355009985862
1566,7,Granuleux,060722-Nabila-JP-Valves-WholeMount-SAureus-pat02-28.tif,768,128,896,256,6.906638897459633,1.199240858222254,19.449073670444644,2.6423609346269656,0.5826034597891238,13.885096219798607
1567,7,Granuleux,060722-Nabila-JP-Valves-WholeMount-SAureus-pat02-28.tif,896,128,1024,256,6.120147795803957,1.0,18.257294927989978,2.819751336695133,0.723484945995464,17.66045128454167
1568,7,Granuleux,060722-Nabila-JP-Valves-WholeMount-SAureus-pat02-28.tif,1024,128,1152,256,6.502340499306518,1.0,21.604067747539087,3.1687155955208026,0.5645360788461976,6.509717089863796
1569,7,Granuleux,060722-Nabila-JP-Valves-WholeMount-SAureus-pat02-28.tif,0,256,128,384,11.368869725495358,1.769349198419547,21.920295004306638,1.772466946357685,0.10935807477369869,16.894844092741515
1570,7,Granuleux,060722-Nabila-JP-Valves-WholeMount-SAureus-pat02-28.tif,128,256,256,384,7.284345734169602,1.295337518195051,20.751050304035378,2.6708936527514,0.6898619195620488,16.210979411519116
1571,7,Granuleux,060722-Nabila-JP-Valves-WholeMount-SAureus-pat02-28.tif,256,256,384,384,8.564554715233832,1.3433403495031573,20.64168129510435,2.2532801280696004,0.48778215978341494,15.63427079958716
1572,7,Granuleux,060722-Nabila-JP-Valves-WholeMount-SAureus-pat02-28.tif,384,256,512,384,8.618915343915344,1.4076755939728876,21.579480009069613,2.3404110157941536,0.3941934548355251,23.472822905066447
1573,7,Granuleux,060722-Nabila-JP-Valves-WholeMount-SAureus-pat02-28.tif,512,256,640,384,8.8948221521837,1.1893866056499165,18.988377631704296,2.0010508047858706,0.3394447237066881,19.012251110316292
1574,7,Granuleux,060722-Nabila-JP-Valves-WholeMount-SAureus-pat02-28.tif,640,256,768,384,9.778309025866813,1.4121535953631588,20.139056593127574,1.915147388799603,0.22862968818306018,15.701189341145687
1575,7,Granuleux,060722-Nabila-JP-Valves-WholeMount-SAureus-pat02-28.tif,768,256,896,384,9.103044669975555,1.2819307859770288,21.67574796192924,2.2403292431615602,0.3264470351397836,15.655717114342563
1576,7,Granuleux,060722-Nabila-JP-Valves-WholeMount-SAureus-pat02-28.tif,896,256,1024,384,9.078073635765943,1.2416593810106662,22.174115467736957,2.305825765089221,0.39109237192055557,14.586054923423132
1577,7,Granuleux,060722-Nabila-JP-Valves-WholeMount-SAureus-pat02-28.tif,1024,256,1152,384,7.598813946841955,1.0,21.08558024691359,2.6432520110932707,0.4865225695695955,16.872240901379836
1578,7,Granuleux,060722-Nabila-JP-Valves-WholeMount-SAureus-pat02-28.tif,1152,256,1280,384,8.55544593528019,1.0,22.417382087970328,2.5033624488995043,0.37756257762437617,17.289586878898877
1579,7,Granuleux,060722-Nabila-JP-Valves-WholeMount-SAureus-pat02-28.tif,0,384,128,512,9.88432122370937,1.4549502547925262,20.547763694231953,1.9316261589760753,0.27279917063108033,13.086255587227642
1580,7,Granuleux,060722-Nabila-JP-Valves-WholeMount-SAureus-pat02-28.tif,128,384,256,512,10.558743786714867,1.5261909209788904,21.28339065793853,1.8711695383515579,0.1858679349875965,22.802290570271612
1581,7,Granuleux,060722-Nabila-JP-Valves-WholeMount-SAureus-pat02-28.tif,256,384,384,512,8.713264277202308,1.2397373989474256,20.805533244087453,2.2455184673248882,0.3979475471031743,27.296453336222218
1582,7,Granuleux,060722-Nabila-JP-Valves-WholeMount-SAureus-pat02-28.tif,384,384,512,512,8.816466128234712,1.4234248424842484,18.189666413126155,1.9016963630074024,0.3715377686618825,14.959508356379915
1583,7,Granuleux,060722-Nabila-JP-Valves-WholeMount-SAureus-pat02-28.tif,512,384,640,512,11.424958011420893,1.6018166455428813,21.840619609924374,1.7714553475076136,0.10288407006690795,17.716707204260203
1584,7,Granuleux,060722-Nabila-JP-Valves-WholeMount-SAureus-pat02-28.tif,640,384,768,512,9.51566696508505,1.4357104267963263,21.665790297339594,2.125976029296907,0.258087913796606,19.202330892480106
1585,7,Granuleux,060722-Nabila-JP-Valves-WholeMount-SAureus-pat02-28.tif,768,384,896,512,7.423344040281274,1.3179276913754796,20.117645906776353,2.53251339468951,0.5977991413844186,14.429689117038102
1586,7,Granuleux,060722-Nabila-JP-Valves-WholeMount-SAureus-pat02-28.tif,896,384,1024,512,9.310745534086765,1.1894155019059722,20.976234106207915,2.12515942271885,0.3150253029406754,11.51565331192884
1587,7,Granuleux,060722-Nabila-JP-Valves-WholeMount-SAureus-pat02-28.tif,1024,384,1152,512,7.135119887165021,1.0,20.17578558225508,2.687521146876503,0.5800075635852278,10.797137625566856
1588,7,Granuleux,060722-Nabila-JP-Valves-WholeMount-SAureus-pat02-28.tif,1152,384,1280,512,9.113058186738838,1.0562747150500118,20.959991990388463,2.184087588105384,0.34504457769769353,22.998416161862572
1590,7,Granuleux,060722-Nabila-JP-Valves-WholeMount-SAureus-pat02-28.tif,128,512,256,640,9.63864215168644,1.482061199510404,21.027666167984613,2.027838015031441,0.36319606144801536,20.259638698393214
1591,7,Granuleux,060722-Nabila-JP-Valves-WholeMount-SAureus-pat02-28.tif,256,512,384,640,9.800733411748427,1.5144010018088214,20.410215955034023,1.928000095439208,0.23762964934830297,16.31829618273952
1592,7,Granuleux,060722-Nabila-JP-Valves-WholeMount-SAureus-pat02-28.tif,384,512,512,640,9.734795042897998,1.4951838376101114,20.471744147708545,1.9493538617377208,0.23982160208265843,16.358714615938133
1593,7,Granuleux,060722-Nabila-JP-Valves-WholeMount-SAureus-pat02-28.tif,512,512,640,640,10.495069786820359,1.5410789777094545,19.381193853427895,1.6998567173056764,0.18804289959721018,18.756232586362866
1594,7,Granuleux,060722-Nabila-JP-Valves-WholeMount-SAureus-pat02-28.tif,640,512,768,640,9.217288973990748,1.388964577656676,19.583662463922227,1.973974987396746,0.36732249915539406,15.438520474527992
1595,7,Granuleux,060722-Nabila-JP-Valves-WholeMount-SAureus-pat02-28.tif,768,512,896,640,8.247255689424364,1.2037211015934421,20.355008998200358,2.3221406753721765,0.4433418117437923,13.946119440063729
1596,7,Granuleux,060722-Nabila-JP-Valves-WholeMount-SAureus-pat02-28.tif,896,512,1024,640,6.532732754288997,1.0,18.844603524229086,2.731567966332834,0.7297144986572955,11.834307115614205
1597,7,Granuleux,060722-Nabila-JP-Valves-WholeMount-SAureus-pat02-28.tif,1024,512,1152,640,8.850232198142418,1.0,21.210747809762204,2.2836404014353717,0.3847427775908039,20.75743328052461
1598,7,Granuleux,060722-Nabila-JP-Valves-WholeMount-SAureus-pat02-28.tif,1152,512,1280,640,7.294077048563182,1.0,19.754817204301073,2.571239250618483,0.5147833368226183,17.347761270677186
1600,7,Granuleux,060722-Nabila-JP-Valves-WholeMount-SAureus-pat02-28.tif,128,640,256,768,10.489850535245404,1.7214553099841035,21.470917560935032,1.8827210344507448,0.21491042250024242,18.439355375396296
1601,7,Granuleux,060722-Nabila-JP-Valves-WholeMount-SAureus-pat02-28.tif,256,640,384,768,8.83859294790878,1.3474489795918367,21.367885532591423,2.2651158019146527,0.4947674672115626,12.225113382476772
1602,7,Granuleux,060722-Nabila-JP-Valves-WholeMount-SAureus-pat02-28.tif,384,640,512,768,9.18168228024716,1.4425701827445987,20.904875950093224,2.119688437620902,0.48572239671076156,17.057050552496147
1603,7,Granuleux,060722-Nabila-JP-Valves-WholeMount-SAureus-pat02-28.tif,512,640,640,768,10.269138914687543,1.6546690890215419,20.638484044362798,1.8486277294573799,0.19058423629649368,11.548984298153309
1604,7,Granuleux,060722-Nabila-JP-Valves-WholeMount-SAureus-pat02-28.tif,640,640,768,768,8.983898425308556,1.2838544310222313,22.210390946502063,2.329338058467764,0.4205767415353982,18.762512240685417
1605,7,Granuleux,060722-Nabila-JP-Valves-WholeMount-SAureus-pat02-28.tif,768,640,896,768,10.160210722032847,1.232206006873537,19.46840593585448,1.7948643416848602,0.14534195482952564,22.187412249616585
1606,7,Granuleux,060722-Nabila-JP-Valves-WholeMount-SAureus-pat02-28.tif,896,640,1024,768,10.274950099800398,1.4241526914506861,22.609237855218563,2.061818788217708,0.22589148086326932,17.083530217958543
1607,7,Granuleux,060722-Nabila-JP-Valves-WholeMount-SAureus-pat02-28.tif,1024,640,1152,768,9.69203514739229,1.0397346888172578,21.91994273758397,2.154367759838828,0.27660327420030933,26.80907988569548
1608,8,Sableux,060722-Nabila-JP-Valves-WholeMount-SAureus-pat02-28.tif,1152,640,1280,768,6.271487558404869,1.0,20.819596199524955,3.1602703529186305,0.8119904728480728,11.023335710511102
1609,7,Granuleux,060722-Nabila-JP-Valves-WholeMount-SAureus-pat02-28.tif,1152,128,1280,256,6.038934426229508,1.0,19.424008892182293,3.0508708311452186,0.6700242999345931,7.329126997159554
1610,7,Granuleux,060722-Nabila-JP-Valves-WholeMount-SAureus-pat04-1-22.tif,0,0,128,128,11.76779780485349,1.377510669120238,22.182891880156323,1.76799275072989,0.1052545795431717,27.080099699422426
1611,7,Granuleux,060722-Nabila-JP-Valves-WholeMount-SAureus-pat04-1-22.tif,128,0,256,128,9.830789372844553,1.4547953883187634,21.238330514617058,2.012405553204717,0.27104239163550964,19.479683540568274
1612,7,Granuleux,060722-Nabila-JP-Valves-WholeMount-SAureus-pat04-1-22.tif,256,0,384,128,10.526083958939788,1.4402432598577324,21.682784934192107,1.9230838128687369,0.20546498277404981,29.780055515225634
1615,7,Granuleux,060722-Nabila-JP-Valves-WholeMount-SAureus-pat04-1-22.tif,768,0,896,128,9.576013264554163,1.324787445730825,20.706067650819477,2.023940409191883,0.3243664929313547,20.953717204180172
1616,7,Granuleux,060722-Nabila-JP-Valves-WholeMount-SAureus-pat04-1-22.tif,896,0,1024,128,8.936574441956223,1.2408588016212072,21.55532394366197,2.2731825571403075,0.4016598068007609,19.027808701859346
1617,7,Granuleux,060722-Nabila-JP-Valves-WholeMount-SAureus-pat04-1-22.tif,1024,0,1152,128,8.743167042589889,1.2444839983081912,20.777467835591484,2.2340856284838018,0.40801310288054665,19.49656356804535
1619,7,Granuleux,060722-Nabila-JP-Valves-WholeMount-SAureus-pat04-1-22.tif,0,128,128,256,11.213620005536589,1.4545395753242554,23.05230952163176,1.9260301254763286,0.08799312677617546,29.958603038881403
1620,7,Granuleux,060722-Nabila-JP-Valves-WholeMount-SAureus-pat04-1-22.tif,128,128,256,256,9.693022953377982,1.412754437667055,21.782307444408637,2.101465466935975,0.2756583522416767,22.860594005685076
1621,7,Granuleux,060722-Nabila-JP-Valves-WholeMount-SAureus-pat04-1-22.tif,256,128,384,256,12.47537585844212,1.895558750388561,20.953264708415883,1.5276257945471776,-0.07008463859890533,16.807306973903316
1622,7,Granuleux,060722-Nabila-JP-Valves-WholeMount-SAureus-pat04-1-22.tif,384,128,512,256,10.059433962264151,1.6429512230424086,20.501221122112216,1.8746849941868138,0.29096337715871606,18.410676439715683
1628,7,Granuleux,060722-Nabila-JP-Valves-WholeMount-SAureus-pat04-1-22.tif,0,256,128,384,13.07410743919207,1.9201216079270353,22.882016659693434,1.6033136601684346,-0.06369034236210187,31.33815558735502
1629,7,Granuleux,060722-Nabila-JP-Valves-WholeMount-SAureus-pat04-1-22.tif,128,256,256,384,9.083208752378365,1.3603682920536637,20.710949857943636,2.1303684736765716,0.34758584948253246,24.073119334389872
1632,7,Granuleux,060722-Nabila-JP-Valves-WholeMount-SAureus-pat04-1-22.tif,512,256,640,384,8.415177219024537,1.398559690067798,19.921690004159153,2.201157483910779,0.53321331978748,20.37446874519424
1633,7,Granuleux,060722-Nabila-JP-Valves-WholeMount-SAureus-pat04-1-22.tif,640,256,768,384,9.684377515745608,1.5290525877701477,19.719827762969032,1.8783628731555455,0.2860677433933998,20.42056314418327
1634,7,Granuleux,060722-Nabila-JP-Valves-WholeMount-SAureus-pat04-1-22.tif,768,256,896,384,8.194380002319917,1.4415035321407232,19.68052655215,2.225796584347518,0.39246568033367984,27.269366302231802
1635,7,Granuleux,060722-Nabila-JP-Valves-WholeMount-SAureus-pat04-1-22.tif,896,256,1024,384,9.294831977141438,1.4212148367490065,21.42484415108178,2.15212382144478,0.35103917022452613,30.946444810615443
1636,7,Granuleux,060722-Nabila-JP-Valves-WholeMount-SAureus-pat04-1-22.tif,1024,256,1152,384,9.726086721160613,1.628591357979368,21.314955509924715,2.024078616234688,0.2615660598863883,28.879652737340287
1637,7,Granuleux,060722-Nabila-JP-Valves-WholeMount-SAureus-pat04-1-22.tif,1152,256,1280,384,10.511666461991895,1.5937030859049208,22.657891417760712,2.00388667277636,0.18928281342068912,31.471401354583772
1638,7,Granuleux,060722-Nabila-JP-Valves-WholeMount-SAureus-pat04-1-22.tif,0,384,128,512,10.21579711021099,1.3701873526944435,20.37985601151907,1.8608111000779275,0.25024884555800075,16.189789363440415
1641,7,Granuleux,060722-Nabila-JP-Valves-WholeMount-SAureus-pat04-1-22.tif,384,384,512,512,7.748950209958008,1.1512614857498833,17.83727064220183,2.153325122028674,0.5991316420583814,23.39189095820373
1642,7,Granuleux,060722-Nabila-JP-Valves-WholeMount-SAureus-pat04-1-22.tif,512,384,640,512,9.426341533592288,1.4882918877453175,21.721737692525746,2.1464791756881803,0.3468558767289127,19.34935542768134
1645,7,Granuleux,060722-Nabila-JP-Valves-WholeMount-SAureus-pat04-1-22.tif,896,384,1024,512,10.433761762680744,1.3725456621004568,22.522842876165118,2.0271017965653186,0.22953075969916603,24.816817970214075
1647,7,Granuleux,060722-Nabila-JP-Valves-WholeMount-SAureus-pat04-1-22.tif,1152,384,1280,512,10.674352134146341,1.4221278634265309,20.620126782884316,1.7985165449100209,0.13348458615158465,29.64467628328919
1648,7,Granuleux,060722-Nabila-JP-Valves-WholeMount-SAureus-pat04-1-22.tif,0,512,128,640,9.311872821379529,1.1447509612805151,20.961999835674963,2.128170052848571,0.33486175849093197,22.594570878392688
1649,7,Granuleux,060722-Nabila-JP-Valves-WholeMount-SAureus-pat04-1-22.tif,128,512,256,640,8.69357341609589,1.331898662314161,21.508306326968142,2.3208416952340873,0.3557913297724952,31.575152771099102
1656,7,Granuleux,060722-Nabila-JP-Valves-WholeMount-SAureus-pat04-1-22.tif,1024,512,1152,640,10.609326977356831,1.4057150421725482,21.37664749463833,1.8823939063325266,0.17037797073076466,27.179690101359704
1659,7,Granuleux,060722-Nabila-JP-Valves-WholeMount-SAureus-pat04-1-22.tif,128,640,256,768,9.149187239221142,1.507646704784833,22.60601919465888,2.306037895850312,0.3827639238861365,26.560298641931862
1660,7,Granuleux,060722-Nabila-JP-Valves-WholeMount-SAureus-pat04-1-22.tif,256,640,384,768,8.609367455335585,1.2232566371681417,21.627138289368503,2.3699629221372382,0.4196466620953609,18.342431954840215
1662,7,Granuleux,060722-Nabila-JP-Valves-WholeMount-SAureus-pat04-1-22.tif,512,640,640,768,12.039876690533015,1.6495039718856392,22.39482714794103,1.723051133270118,0.007334968927455192,23.146112348978644
1663,7,Granuleux,060722-Nabila-JP-Valves-WholeMount-SAureus-pat04-1-22.tif,640,640,768,768,11.27805198333635,1.4366515340118622,21.26854765506808,1.7584504975113096,0.0817095719941728,24.45156801251604
1670,7,Granuleux,060722-Nabila-JP-Valves-WholeMount-SAureus-pat04-1-27.tif,0,0,128,128,9.004884121815746,1.3734201754982656,22.00849253109564,2.2915422426820213,0.45404303725762396,17.482130487724366
1671,7,Granuleux,060722-Nabila-JP-Valves-WholeMount-SAureus-pat04-1-27.tif,128,0,256,128,11.016989198919891,1.6510062081996222,21.45229058760493,1.7973408180654868,0.11059740721178954,17.959254062633537
1672,7,Granuleux,060722-Nabila-JP-Valves-WholeMount-SAureus-pat04-1-27.tif,256,0,384,128,9.086141687835168,1.4789447141146064,20.0531098546042,2.044230189075448,0.37059597986538906,21.57246156027606
1673,7,Granuleux,060722-Nabila-JP-Valves-WholeMount-SAureus-pat04-1-27.tif,384,0,512,128,9.487989111942838,1.5544753183215203,21.442619331478785,2.0961390004256453,0.3099128176895827,26.052407914485705
1674,7,Granuleux,060722-Nabila-JP-Valves-WholeMount-SAureus-pat04-1-27.tif,512,0,640,128,10.213269832985386,1.5269134582728705,21.1647830055597,1.9227798607516657,0.26630612191453035,22.459073545652288
1675,7,Granuleux,060722-Nabila-JP-Valves-WholeMount-SAureus-pat04-1-27.tif,640,0,768,128,10.061083777977965,1.60511665135031,21.84933532041729,2.0121310105158052,0.3488890165128573,18.34442000885596
1676,7,Granuleux,060722-Nabila-JP-Valves-WholeMount-SAureus-pat04-1-27.tif,768,0,896,128,9.411636045494314,1.5020683453237411,21.767429617761504,2.1532240701274796,0.3315136837529918,20.906724097542
1677,7,Granuleux,060722-Nabila-JP-Valves-WholeMount-SAureus-pat04-1-27.tif,896,0,1024,128,8.152425068119891,1.2986362559642652,18.73650000000001,2.1389787208503908,0.5844419792260032,22.8604721658672
1678,7,Granuleux,060722-Nabila-JP-Valves-WholeMount-SAureus-pat04-1-27.tif,1024,0,1152,128,8.87349280435628,1.3431485865478345,21.205178640030734,2.238355345679888,0.42628339997687426,24.49851277814735
1679,7,Granuleux,060722-Nabila-JP-Valves-WholeMount-SAureus-pat04-1-27.tif,1152,0,1280,128,9.084905161937971,1.2273019961365101,20.395605112154403,2.109906793119341,0.3693037139019994,24.095252843661378
1680,7,Granuleux,060722-Nabila-JP-Valves-WholeMount-SAureus-pat04-1-27.tif,0,128,128,256,9.328609527793756,1.4581990758086676,19.685315943332583,1.9538942875910772,0.26290841695543044,16.295080627336564
1681,7,Granuleux,060722-Nabila-JP-Valves-WholeMount-SAureus-pat04-1-27.tif,128,128,256,256,8.516925725015646,1.521384055288165,22.035875824084105,2.4086733207666025,0.46307520650042744,29.797237823859824
1682,7,Granuleux,060722-Nabila-JP-Valves-WholeMount-SAureus-pat04-1-27.tif,256,128,384,256,12.084803410276178,1.828762156484023,21.54776426815494,1.6317188987040603,0.0016995213086608443,24.847425204568523
1683,7,Granuleux,060722-Nabila-JP-Valves-WholeMount-SAureus-pat04-1-27.tif,384,128,512,256,10.377560686796922,1.8790247964470763,21.778394296342217,1.9175382443402664,0.24809666331796382,19.363388950736365
1684,7,Granuleux,060722-Nabila-JP-Valves-WholeMount-SAureus-pat04-1-27.tif,512,128,640,256,9.878189384636377,1.4977663281412874,21.998106060606066,2.075313494631831,0.22759551579761497,18.731658839564012
1685,7,Granuleux,060722-Nabila-JP-Valves-WholeMount-SAureus-pat04-1-27.tif,640,128,768,256,9.821999786271506,1.7467435953717352,20.51716263816349,1.9110587916146886,0.24273074631528044,21.164792906519967
1686,7,Granuleux,060722-Nabila-JP-Valves-WholeMount-SAureus-pat04-1-27.tif,768,128,896,256,9.616230173367763,1.5949250446981158,21.90334991708126,2.1118904712397084,0.31062189677891616,30.2998245203661
1687,7,Granuleux,060722-Nabila-JP-Valves-WholeMount-SAureus-pat04-1-27.tif,896,128,1024,256,8.823550243470564,1.1713036303630364,20.289733498257057,2.166750269489504,0.3567644018164945,37.618537632212366
1688,7,Granuleux,060722-Nabila-JP-Valves-WholeMount-SAureus-pat04-1-27.tif,1024,128,1152,256,7.870934887967971,1.1876788987875084,20.436950354609934,2.445614368535576,0.5395257628033275,21.788065365037042
1689,7,Granuleux,060722-Nabila-JP-Valves-WholeMount-SAureus-pat04-1-27.tif,1152,128,1280,256,8.783700609990657,1.3713885273801183,20.18659692064745,2.142059392582979,0.3545715847457013,16.44690410496193
1690,7,Granuleux,060722-Nabila-JP-Valves-WholeMount-SAureus-pat04-1-27.tif,0,256,128,384,11.125350096471028,1.8485314141217661,21.413335373941432,1.7585787224822382,0.09314515717066635,26.646138012818778
1691,7,Granuleux,060722-Nabila-JP-Valves-WholeMount-SAureus-pat04-1-27.tif,128,256,256,384,9.875446960667462,1.459469083845905,20.89126868392271,1.9676881135072641,0.2767467811438245,25.83778552373453
1692,7,Granuleux,060722-Nabila-JP-Valves-WholeMount-SAureus-pat04-1-27.tif,256,256,384,384,10.361954359886948,1.6982806544975213,22.40124527371363,1.997978749970289,0.2761310929620491,22.597782815085885
1693,7,Granuleux,060722-Nabila-JP-Valves-WholeMount-SAureus-pat04-1-27.tif,384,256,512,384,9.858193277310923,1.6096198629013743,21.09159792724196,1.9762219624136643,0.30728568605707446,24.731899672285753
1694,7,Granuleux,060722-Nabila-JP-Valves-WholeMount-SAureus-pat04-1-27.tif,512,256,640,384,9.193590646019084,1.6250208350135764,20.065949241104757,2.0058461504457226,0.42125870430161005,23.82164440883817
1695,7,Granuleux,060722-Nabila-JP-Valves-WholeMount-SAureus-pat04-1-27.tif,640,256,768,384,10.224697298975471,1.6572183544303798,21.04393451280697,1.8960674914375377,0.1695336025340054,36.22929150892274
1696,7,Granuleux,060722-Nabila-JP-Valves-WholeMount-SAureus-pat04-1-27.tif,768,256,896,384,9.098420780117362,1.5509472746582618,21.77674175508284,2.2230005590226924,0.44445231089719783,20.142411724650895
1697,7,Granuleux,060722-Nabila-JP-Valves-WholeMount-SAureus-pat04-1-27.tif,896,256,1024,384,11.099717969379537,1.5460045031649603,21.834882267138994,1.8278732684870338,0.09271622912452067,18.895785311501115
1698,7,Granuleux,060722-Nabila-JP-Valves-WholeMount-SAureus-pat04-1-27.tif,1152,256,1280,384,9.37417775738106,1.2399974934987625,19.310559886605237,1.9276957255134228,0.2944343377956052,17.252624492501337
1699,7,Granuleux,060722-Nabila-JP-Valves-WholeMount-SAureus-pat04-1-27.tif,0,384,128,512,8.769401435045317,1.5082005854845453,19.65171201184527,2.0689566512320305,0.39626137168420206,29.698060970513037
1700,7,Granuleux,060722-Nabila-JP-Valves-WholeMount-SAureus-pat04-1-27.tif,128,384,256,512,9.120618931408691,1.429233937151213,20.3369546515915,2.0730743008380426,0.36864124584247665,23.95603223495361
1701,7,Granuleux,060722-Nabila-JP-Valves-WholeMount-SAureus-pat04-1-27.tif,256,384,384,512,8.274904262197245,1.363179032545963,22.000280061432836,2.4939383435727005,0.49090290055775804,22.538949831196703
1702,7,Granuleux,060722-Nabila-JP-Valves-WholeMount-SAureus-pat04-1-27.tif,384,384,512,512,9.943046384280883,1.7050906492810576,22.035580459521437,2.044694254105177,0.3233970071830378,25.17681967196976
1703,7,Granuleux,060722-Nabila-JP-Valves-WholeMount-SAureus-pat04-1-27.tif,512,384,640,512,12.308871996597915,1.8844937650911255,22.279332805527567,1.6569218565335175,0.003931996465127335,26.23225145616205
1704,7,Granuleux,060722-Nabila-JP-Valves-WholeMount-SAureus-pat04-1-27.tif,640,384,768,512,10.452033887746838,1.5820829220138204,20.426809859154933,1.8029722386600011,0.17395452543670087,39.61201455295654
1705,7,Granuleux,060722-Nabila-JP-Valves-WholeMount-SAureus-pat04-1-27.tif,768,384,896,512,11.727825030376671,1.7782932948413928,22.17599749321078,1.739257206305222,0.04563758305216261,28.076503061945157
1706,7,Granuleux,060722-Nabila-JP-Valves-WholeMount-SAureus-pat04-1-27.tif,896,384,1024,512,10.493685662740106,1.7513504002815168,20.888096374045794,1.8236439120444647,0.18188064172893847,20.313870078244204
1707,7,Granuleux,060722-Nabila-JP-Valves-WholeMount-SAureus-pat04-1-27.tif,1024,384,1152,512,7.87110070257611,1.0,21.563273888326453,2.6125029605575185,0.5089669052206751,35.602280200808536
1708,7,Granuleux,060722-Nabila-JP-Valves-WholeMount-SAureus-pat04-1-27.tif,1152,384,1280,512,8.518807870370368,1.0,20.10024675464006,2.2421267206968536,0.3858169569371189,43.00644159925561
1709,7,Granuleux,060722-Nabila-JP-Valves-WholeMount-SAureus-pat04-1-27.tif,0,512,128,640,9.195203422909474,1.3950134825129794,21.10461863129334,2.1434659182933014,0.3249901797926329,25.368613153918755
1710,7,Granuleux,060722-Nabila-JP-Valves-WholeMount-SAureus-pat04-1-27.tif,128,512,256,640,10.1342578165576,1.2490423873506051,21.26648580004618,1.9752253963768893,0.22568006648118627,30.36160560639392
1711,7,Granuleux,060722-Nabila-JP-Valves-WholeMount-SAureus-pat04-1-27.tif,256,512,384,640,10.679688280547508,1.4385735713940098,21.48745463152912,1.8772908472106902,0.164643507238748,31.76108962601681
1712,7,Granuleux,060722-Nabila-JP-Valves-WholeMount-SAureus-pat04-1-27.tif,384,512,512,640,11.105982402660384,1.732565379825654,20.867903145558074,1.722975696517279,0.12973737190490225,23.12650759066214
1713,7,Granuleux,060722-Nabila-JP-Valves-WholeMount-SAureus-pat04-1-27.tif,512,512,640,640,12.716237131955944,1.955138748075551,23.286845579716,1.6775172254403625,0.006014396403491234,38.020801965399
1714,7,Granuleux,060722-Nabila-JP-Valves-WholeMount-SAureus-pat04-1-27.tif,640,512,768,640,9.150678571428571,1.3241231781852374,21.243795734080653,2.17685195697849,0.4000311539528791,15.880068021529029
1715,7,Granuleux,060722-Nabila-JP-Valves-WholeMount-SAureus-pat04-1-27.tif,768,512,896,640,9.402678102573079,1.1987588523034243,22.3585088410857,2.250396084812457,0.2953240062321572,32.393625787233354
1716,7,Granuleux,060722-Nabila-JP-Valves-WholeMount-SAureus-pat04-1-27.tif,896,512,1024,640,12.074385408406027,1.595853618954885,21.87019476686996,1.6791199271973172,0.03282758078668663,27.530872017561133
1717,7,Granuleux,060722-Nabila-JP-Valves-WholeMount-SAureus-pat04-1-27.tif,1024,512,1152,640,10.035913056558364,1.5132672039677622,21.232473273026315,1.964864179066623,0.2946389639951459,20.42353525359421
1718,7,Granuleux,060722-Nabila-JP-Valves-WholeMount-SAureus-pat04-1-27.tif,1152,512,1280,640,9.82984439150489,1.4869749556300533,21.2134034416826,2.0067894974106046,0.3518935651073977,17.04747794478802
1719,7,Granuleux,060722-Nabila-JP-Valves-WholeMount-SAureus-pat04-1-27.tif,0,640,128,768,9.033938100320169,1.2195868109549046,22.524272944731212,2.3582944555510355,0.37826994650270984,38.29759587586457
1720,7,Granuleux,060722-Nabila-JP-Valves-WholeMount-SAureus-pat04-1-27.tif,128,640,256,768,7.358075652957069,1.1424095231579667,19.773973834015784,2.5321245920283726,0.6115492402863959,39.585046195209785
1721,7,Granuleux,060722-Nabila-JP-Valves-WholeMount-SAureus-pat04-1-27.tif,256,640,384,768,9.511782996481466,1.3033608552979783,21.261846435100544,2.0982906766465836,0.2884548906640401,16.06896950539543
1722,7,Granuleux,060722-Nabila-JP-Valves-WholeMount-SAureus-pat04-1-27.tif,384,640,512,768,10.059462662979062,1.593861429832304,20.926475681916585,1.9218336903055833,0.2369053087678443,17.046931677967958
1723,7,Granuleux,060722-Nabila-JP-Valves-WholeMount-SAureus-pat04-1-27.tif,512,640,640,768,10.830658152111381,1.7593935248518013,21.966449698478034,1.865727446091258,0.1914436243110007,33.068617366356435
1724,7,Granuleux,060722-Nabila-JP-Valves-WholeMount-SAureus-pat04-1-27.tif,640,640,768,768,11.409078822412155,1.7677066780357351,22.3406374296193,1.8032069960959343,0.06350097825369234,27.13274975066998
1725,7,Granuleux,060722-Nabila-JP-Valves-WholeMount-SAureus-pat04-1-27.tif,768,640,896,768,11.880134254951482,1.5603514715223377,22.94229604875172,1.7998066451410406,0.04600645503146757,24.492468342775574
1726,7,Granuleux,060722-Nabila-JP-Valves-WholeMount-SAureus-pat04-1-27.tif,896,640,1024,768,9.197591436217662,1.2759228187919465,20.969937080089583,2.141214294836783,0.34705355333323185,27.748111531452217
1727,7,Granuleux,060722-Nabila-JP-Valves-WholeMount-SAureus-pat04-1-27.tif,1024,640,1152,768,11.969294576885543,1.6747411057290797,20.87776911076443,1.6043575401777814,-0.01209985910052217,20.263444394868525
1728,7,Granuleux,060722-Nabila-JP-Valves-WholeMount-SAureus-pat04-1-27.tif,1152,640,1280,768,9.257604347497923,1.3890278637770899,20.811363482269982,2.0979872210397734,0.3121715150576748,16.880992413422156
1729,7,Granuleux,060722-Nabila-JP-Valves-WholeMount-SAureus-pat04-1-27.tif,1024,256,1152,384,7.647203173322577,1.144725289800398,19.16447387570951,2.356384180921382,0.4959972276694862,28.64335510027262
1730,7,Granuleux,060722-Nabila-JP-Valves-WholeMount-SAureus-pat04-1-37.tif,0,0,128,128,9.31962165760568,1.410326152729033,21.030448903002313,2.1052488471204653,0.3621736772101158,23.649551760746043
1731,7,Granuleux,060722-Nabila-JP-Valves-WholeMount-SAureus-pat04-1-37.tif,128,0,256,128,10.41810503121557,1.2817022196598444,19.609500270332894,1.7592256937089632,0.12664737621914546,25.829405339714828
1733,7,Granuleux,060722-Nabila-JP-Valves-WholeMount-SAureus-pat04-1-37.tif,384,0,512,128,9.192534604039027,1.0,21.479654442877298,2.227857204244727,0.34239385959079577,18.020558372413813
1737,7,Granuleux,060722-Nabila-JP-Valves-WholeMount-SAureus-pat04-1-37.tif,896,0,1024,128,9.971869744687357,1.2690042075736325,22.590811713836484,2.138195549297294,0.2931148370744571,21.658199035096484
1738,7,Granuleux,060722-Nabila-JP-Valves-WholeMount-SAureus-pat04-1-37.tif,1024,0,1152,128,8.412796880538817,1.2434005453260175,20.62963275320096,2.30437421503909,0.3860305392767118,24.27187460177927
1739,7,Granuleux,060722-Nabila-JP-Valves-WholeMount-SAureus-pat04-1-37.tif,1152,0,1280,128,7.616133103081828,1.1985113248904045,21.110688754467972,2.614473402719316,0.6009919150311948,12.302470876309789
1745,7,Granuleux,060722-Nabila-JP-Valves-WholeMount-SAureus-pat04-1-37.tif,640,128,768,256,9.054378713510719,1.2780019438635764,21.070753543894558,2.1859867171777045,0.3932982752102924,17.09275316584715
1746,7,Granuleux,060722-Nabila-JP-Valves-WholeMount-SAureus-pat04-1-37.tif,768,128,896,256,8.920231623729615,1.2647148337190504,20.793077564637194,2.1892214860171073,0.41717822173368907,17.06293902688198
1748,7,Granuleux,060722-Nabila-JP-Valves-WholeMount-SAureus-pat04-1-37.tif,1024,128,1152,256,14.097640955364135,1.7511578645029262,21.89819140570794,1.4291067282103744,-0.19885011656985546,27.257673108211065
1749,7,Granuleux,060722-Nabila-JP-Valves-WholeMount-SAureus-pat04-1-37.tif,1152,128,1280,256,10.244149355771757,1.4580694336583542,22.161004840724544,2.0209521247756648,0.18207863437273447,17.567049146525758
1750,7,Granuleux,060722-Nabila-JP-Valves-WholeMount-SAureus-pat04-1-37.tif,0,256,128,384,9.204956851189223,1.0793964070367377,21.333452182869824,2.20034228332275,0.30945972816812223,32.32369891247132
1751,7,Granuleux,060722-Nabila-JP-Valves-WholeMount-SAureus-pat04-1-37.tif,128,256,256,384,7.6541844983357095,1.0,19.36394176931689,2.399202916170869,0.5146863472795044,8.774885647242945
1756,7,Granuleux,060722-Nabila-JP-Valves-WholeMount-SAureus-pat04-1-37.tif,768,256,896,384,10.194916342162694,1.5300354338914752,22.383681771951636,2.045494601247153,0.272336545441768,25.46716290747812
1758,7,Granuleux,060722-Nabila-JP-Valves-WholeMount-SAureus-pat04-1-37.tif,1024,256,1152,384,12.476090669150755,1.6693783264340627,21.917803577380294,1.6229783662132151,-0.06751944820992561,16.264341132273643
1759,7,Granuleux,060722-Nabila-JP-Valves-WholeMount-SAureus-pat04-1-37.tif,1152,256,1280,384,9.29776595744681,1.3506876980396254,20.03003233629748,2.0090142862003435,0.43582279731604223,19.082007473039603
1761,7,Granuleux,060722-Nabila-JP-Valves-WholeMount-SAureus-pat04-1-37.tif,128,384,256,512,9.37856525496975,1.0048546790162889,20.420692985633227,2.070235454866445,0.2476006105800522,22.43970641553434
1764,7,Granuleux,060722-Nabila-JP-Valves-WholeMount-SAureus-pat04-1-37.tif,512,384,640,512,8.661912020905923,1.3862761716420253,20.58779101741522,2.2167755571090373,0.5171432562866959,20.463552815346574
1765,7,Granuleux,060722-Nabila-JP-Valves-WholeMount-SAureus-pat04-1-37.tif,640,384,768,512,8.193447880870563,1.436035020032646,19.3552535284893,2.1870180623584705,0.6129435095124647,15.668878046130914
1766,7,Granuleux,060722-Nabila-JP-Valves-WholeMount-SAureus-pat04-1-37.tif,768,384,896,512,8.873425366695427,1.22712020309798,22.165142163310733,2.3596323961656682,0.4302568435367152,27.745171697967915
1770,7,Granuleux,060722-Nabila-JP-Valves-WholeMount-SAureus-pat04-1-37.tif,0,512,128,640,9.349447004608296,1.520825548808968,20.333159478435313,2.0121333294208568,0.4062998218873234,21.303007201226787
1771,7,Granuleux,060722-Nabila-JP-Valves-WholeMount-SAureus-pat04-1-37.tif,128,512,256,640,7.802964254577157,1.1767423583237433,19.987429104187708,2.4107103572632367,0.635740266759879,20.910928392326344
1772,7,Granuleux,060722-Nabila-JP-Valves-WholeMount-SAureus-pat04-1-37.tif,256,512,384,640,8.62655971479501,1.178081035453011,23.219813414830305,2.5551011188822526,0.3989694904215355,36.572779685661594
1773,7,Granuleux,060722-Nabila-JP-Valves-WholeMount-SAureus-pat04-1-37.tif,384,512,512,640,8.231309997091051,1.3078221453493575,20.09199417758369,2.2820391941103746,0.49759335552491263,21.208165748142672
1774,7,Granuleux,060722-Nabila-JP-Valves-WholeMount-SAureus-pat04-1-37.tif,512,512,640,640,8.541762408088234,1.4122943237561318,21.088625136331554,2.3035446167343423,0.41631417132448595,20.827652000785626
1779,7,Granuleux,060722-Nabila-JP-Valves-WholeMount-SAureus-pat04-1-37.tif,0,640,128,768,7.408578431372552,1.0,20.803609515996726,2.673064704577583,0.5318632514720931,20.486220869135792
1780,7,Granuleux,060722-Nabila-JP-Valves-WholeMount-SAureus-pat04-1-37.tif,128,640,256,768,7.5926575284241835,1.0086961819658815,20.084431384678833,2.512392417450708,0.5362043537983494,26.949671820699688
1781,7,Granuleux,060722-Nabila-JP-Valves-WholeMount-SAureus-pat04-1-37.tif,256,640,384,768,10.510636753067594,1.2586997758234177,22.876957721923578,2.0567981230814336,0.22126482259618982,21.21839133923018
1788,7,Granuleux,060722-Nabila-JP-Valves-WholeMount-SAureus-pat04-1-37.tif,1152,640,1280,768,8.858652744174202,1.3391106251139056,20.690590513068734,2.184472114078647,0.44454423727837794,20.858269396781534
1793,7,Granuleux,060722-Nabila-JP-Valves-WholeMount-SAureus-pat04-2-15.tif,896,0,1024,128,10.850678733031673,1.4037809314001741,22.97274890287104,1.9877989665117022,0.19088207234531634,14.477201102366468
1795,7,Granuleux,060722-Nabila-JP-Valves-WholeMount-SAureus-pat04-2-15.tif,1152,0,1280,128,8.033073239936158,1.053240926207836,21.534599107857716,2.54962921037835,0.5059319959727892,21.180531604818228
1796,7,Granuleux,060722-Nabila-JP-Valves-WholeMount-SAureus-pat04-2-15.tif,0,128,128,256,6.755255096651528,1.0,20.6754060324826,2.912607407266586,0.6087692040000173,38.434110828900785
1799,7,Granuleux,060722-Nabila-JP-Valves-WholeMount-SAureus-pat04-2-15.tif,384,128,512,256,8.77536271113036,1.2702626786430844,20.334258064516135,2.1724452895483113,0.4648450788679348,16.749639232218957
1800,7,Granuleux,060722-Nabila-JP-Valves-WholeMount-SAureus-pat04-2-15.tif,512,128,640,256,4.677650742790563,1.0,19.529949558638094,3.961379456813318,0.9061934552654074,28.054077923596907
1801,7,Granuleux,060722-Nabila-JP-Valves-WholeMount-SAureus-pat04-2-15.tif,640,128,768,256,8.067835899230232,1.0461302100278351,20.45350186489847,2.405523847692828,0.45877597818824206,34.79770098301346
1803,7,Granuleux,060722-Nabila-JP-Valves-WholeMount-SAureus-pat04-2-15.tif,896,128,1024,256,10.768851938148696,1.4342397197430978,22.826499206403973,1.9864939744299688,0.11578869911746115,33.38148691364124
1804,7,Granuleux,060722-Nabila-JP-Valves-WholeMount-SAureus-pat04-2-15.tif,1024,128,1152,256,10.799893923321713,1.1770635050869709,21.450327701718614,1.8771725297090895,0.16152215776737713,20.434737231303195
1806,7,Granuleux,060722-Nabila-JP-Valves-WholeMount-SAureus-pat04-2-15.tif,0,256,128,384,8.181212655500051,1.0158727360860178,21.921750722061763,2.555351983415463,0.4478390514549316,19.702380704018832
1807,7,Granuleux,060722-Nabila-JP-Valves-WholeMount-SAureus-pat04-2-15.tif,128,256,256,384,8.166707168894288,1.1720845106601594,19.81001204951254,2.2821838904474667,0.4336476754718185,13.580719413522186
1810,7,Granuleux,060722-Nabila-JP-Valves-WholeMount-SAureus-pat04-2-15.tif,512,256,640,384,12.27423965241253,1.4790694317471011,22.01947523644869,1.6734564735881075,-0.03192403935230837,25.295033948972712
1812,7,Granuleux,060722-Nabila-JP-Valves-WholeMount-SAureus-pat04-2-15.tif,768,256,896,384,10.799647680563707,1.3565517535262284,22.419154607768466,1.9503046281916148,0.15646236206736744,26.739095870789466
1813,7,Granuleux,060722-Nabila-JP-Valves-WholeMount-SAureus-pat04-2-15.tif,896,256,1024,384,8.545648772267693,1.2345271264439783,19.875377867346337,2.1813265718801333,0.39983119572015435,16.53221284589841
1814,7,Granuleux,060722-Nabila-JP-Valves-WholeMount-SAureus-pat04-2-15.tif,1024,256,1152,384,10.455340314136127,1.3658784712675283,20.861691985566,1.8646751735033615,0.15253342060572406,18.053660516652492
1815,7,Granuleux,060722-Nabila-JP-Valves-WholeMount-SAureus-pat04-2-15.tif,1152,256,1280,384,8.814227524003492,1.0830293347534727,21.178486951422148,2.27988868700557,0.3198350023252195,38.03866936007871
1820,7,Granuleux,060722-Nabila-JP-Valves-WholeMount-SAureus-pat04-2-15.tif,512,384,640,512,8.959339038064325,1.3569242226773413,20.319840969329796,2.1165530923751503,0.42228523299297177,21.694247796864616
1821,7,Granuleux,060722-Nabila-JP-Valves-WholeMount-SAureus-pat04-2-15.tif,640,384,768,512,8.624562480810562,1.242727516139589,21.139886462435435,2.3070340078776788,0.328148256804625,17.201236449686007
1822,7,Granuleux,060722-Nabila-JP-Valves-WholeMount-SAureus-pat04-2-15.tif,768,384,896,512,10.354753377828423,1.3761722421415394,21.61446431672165,1.9544929112376834,0.22320806564152887,21.33985978727665
1823,7,Granuleux,060722-Nabila-JP-Valves-WholeMount-SAureus-pat04-2-15.tif,896,384,1024,512,8.43280998389694,1.1288476118271418,20.63794198420872,2.3134749163844086,0.3752134117815267,16.023318357573384
1825,7,Granuleux,060722-Nabila-JP-Valves-WholeMount-SAureus-pat04-2-15.tif,1152,384,1280,512,6.444660400028271,1.0049703891708968,18.737698934150977,2.7515380864602723,0.7808383212268372,13.858058647595966
1826,7,Granuleux,060722-Nabila-JP-Valves-WholeMount-SAureus-pat04-2-15.tif,0,512,128,640,8.628471695249658,1.15612823782928,22.106567717996285,2.4280591302977927,0.45135732816274293,20.46545406033311
1829,7,Granuleux,060722-Nabila-JP-Valves-WholeMount-SAureus-pat04-2-15.tif,384,512,512,640,7.80762679055362,1.2188852392401206,20.882371734636354,2.5184972364697193,0.644291871228472,24.238475099705983
1831,7,Granuleux,060722-Nabila-JP-Valves-WholeMount-SAureus-pat04-2-15.tif,640,512,768,640,8.0886888822771,1.345834979326328,19.44066239316238,2.237053208151339,0.5721458856361131,16.113626533161163
1832,7,Granuleux,060722-Nabila-JP-Valves-WholeMount-SAureus-pat04-2-15.tif,768,512,896,640,10.995959466393021,1.4291849306954154,21.652676113088443,1.8391747663495972,0.11321859254867803,20.918732166250628
1833,7,Granuleux,060722-Nabila-JP-Valves-WholeMount-SAureus-pat04-2-15.tif,896,512,1024,640,8.09079473138967,1.1205311195261676,21.102325244476642,2.46969485549146,0.4324883687780765,21.217714214185236
1834,7,Granuleux,060722-Nabila-JP-Valves-WholeMount-SAureus-pat04-2-15.tif,1024,512,1152,640,9.581707117087573,1.2594171097420317,21.691503211248055,2.132405619565264,0.26592813453409575,17.37158499480535
1835,7,Granuleux,060722-Nabila-JP-Valves-WholeMount-SAureus-pat04-2-15.tif,1152,512,1280,640,8.593959290873277,1.1340794367693943,18.875177734079568,2.064368435646547,0.38072735189206747,12.912233953606348
1836,7,Granuleux,060722-Nabila-JP-Valves-WholeMount-SAureus-pat04-2-15.tif,0,640,128,768,8.043872848678642,1.1208011977134562,19.10690144173955,2.2360000689196187,0.46706942583625066,25.898118699745385
1837,7,Granuleux,060722-Nabila-JP-Valves-WholeMount-SAureus-pat04-2-15.tif,128,640,256,768,7.48909403998852,1.0720226914118265,21.14829849946409,2.680734906098607,0.6109527883521942,14.64788897847929
1840,7,Granuleux,060722-Nabila-JP-Valves-WholeMount-SAureus-pat04-2-15.tif,512,640,640,768,7.93834802726193,1.2880605049254457,18.85208851759688,2.2125545456501685,0.47044198319673314,14.637103028110383
1841,7,Granuleux,060722-Nabila-JP-Valves-WholeMount-SAureus-pat04-2-15.tif,640,640,768,768,7.082233534439416,1.1239094966169203,19.182335268357264,2.549820714598863,0.517029571656519,13.782488561840353
1842,7,Granuleux,060722-Nabila-JP-Valves-WholeMount-SAureus-pat04-2-15.tif,768,640,896,768,9.03292446739832,1.1782020728260267,21.214066289409853,2.218092743817063,0.3005239157767824,22.616668494928895
1843,7,Granuleux,060722-Nabila-JP-Valves-WholeMount-SAureus-pat04-2-15.tif,896,640,1024,768,8.02728834043636,1.1397035246528378,19.708558211256747,2.3132163563959525,0.4975221545482821,12.735509697261644
1846,7,Granuleux,060722-Nabila-JP-Valves-WholeMount-SAureus-pat04-2-15.tif,256,0,384,128,11.774120165930682,1.5808454206382099,23.588061405010556,1.8691176643543956,0.057182108914085844,18.65610687871489
1847,7,Granuleux,060722-Nabila-JP-Valves-WholeMount-SAureus-pat04-2-15.tif,384,0,512,128,9.129370629370632,1.2889272797726687,22.472535842293915,2.3203799497821045,0.34424656529510217,12.755629183745736
1848,7,Granuleux,060722-Nabila-JP-Valves-WholeMount-SAureus-pat04-2-15.tif,512,0,640,128,11.009212939803238,1.2955029585798816,22.352144692627004,1.9126382466377707,0.15133912834740298,25.0154341154899
1851,8,Sableux,070525-JPB-MEB-EIHNValves-Ech4-ZigZag0005.tif,256,0,384,128,4.35402625044342,1.0,17.676249112005678,3.830075464131009,0.997667988081979,7.784841144460954
1875,8,Sableux,070525-JPB-MEB-EIHNValves-Ech4-ZigZag0005.tif,128,0,256,128,6.902344622255303,1.0,18.50503389265474,2.5360996662225577,0.5718068008605773,9.419876942457224
1922,7,Granuleux,070525-JPB-MEB-EIHNValves-Ech4-ZigZag0019.tif,384,512,512,640,5.390737305819615,1.0,20.609817922170656,3.637687538771499,0.7757554801078188,12.575703226502574
1923,7,Granuleux,070525-JPB-MEB-EIHNValves-Ech4-ZigZag0019.tif,512,512,640,640,6.138217164532953,1.0,19.27800154918666,2.9777378445973253,0.6861593621625216,12.04305874583335
1925,7,Granuleux,070525-JPB-MEB-EIHNValves-Ech4-ZigZag0019.tif,768,512,896,640,10.746391375845057,1.0,23.197195325542573,2.0655487548532605,0.12949558061176764,11.336934266674957
2033,8,Sableux,070525-JPB-MEB-EIHNValves-Ech4-ZigZag0038.tif,512,0,640,128,4.863724084693428,1.0,19.356833164300205,3.77423407344812,0.8741766973286553,19.466947970316326
2037,8,Sableux,070525-JPB-MEB-EIHNValves-Ech4-ZigZag0038.tif,1024,0,1152,128,6.058048699409955,1.0,18.175000000000004,2.8350712997194663,0.8340143068838104,12.601822301145896
2038,8,Sableux,070525-JPB-MEB-EIHNValves-Ech4-ZigZag0038.tif,1152,0,1280,128,5.645006337981187,1.0,18.01968530297957,3.01499844003121,0.8994600382745138,10.318457913835328
2044,8,Sableux,070525-JPB-MEB-EIHNValves-Ech4-ZigZag0038.tif,640,128,768,256,7.420007939658595,1.0,21.60701566187514,2.777222858716145,0.46881062957816383,14.048016543143873
2046,8,Sableux,070525-JPB-MEB-EIHNValves-Ech4-ZigZag0038.tif,1024,128,1152,256,6.419626884743164,1.0,19.06394176931691,2.8138616299099146,0.6589295303747514,15.495015219082857
2047,8,Sableux,070525-JPB-MEB-EIHNValves-Ech4-ZigZag0038.tif,1152,128,1280,256,5.643241691192304,1.0,18.728269699431355,3.1415045942655215,0.8504953733535073,13.35726621712535
2053,8,Sableux,070525-JPB-MEB-EIHNValves-Ech4-ZigZag0038.tif,640,256,768,384,8.01654467061065,1.0,21.484091079882774,2.5552269614338,0.4390344160639384,12.775855154507086
2054,8,Sableux,070525-JPB-MEB-EIHNValves-Ech4-ZigZag0038.tif,768,256,896,384,6.587727218008908,1.0,20.653152822395604,2.983297907155243,0.6557507580497476,11.456957265541517
2062,8,Sableux,070525-JPB-MEB-EIHNValves-Ech4-ZigZag0038.tif,512,384,640,512,10.027833001988073,1.015790965255342,21.49139215124606,2.041876962044673,0.19523106470417187,20.89974865436783
2063,8,Sableux,070525-JPB-MEB-EIHNValves-Ech4-ZigZag0038.tif,640,384,768,512,7.601935038009675,1.0,19.575500631427023,2.443522673970446,0.5071829624907559,15.585664289632588
2064,8,Sableux,070525-JPB-MEB-EIHNValves-Ech4-ZigZag0038.tif,768,384,896,512,6.066708307307933,1.0,21.251939745855427,3.338208913301472,0.7282363907592854,14.693738427065329
2067,8,Sableux,070525-JPB-MEB-EIHNValves-Ech4-ZigZag0038.tif,1152,384,1280,512,8.871396818781692,1.0,20.775379205374485,2.229116745573583,0.2703511810689045,14.090179209738528
2074,8,Sableux,070525-JPB-MEB-EIHNValves-Ech4-ZigZag0038.tif,896,512,1024,640,6.560205986037188,1.0,19.438545397913103,2.8106656158599135,0.5781678677814918,10.207952759259543
2075,8,Sableux,070525-JPB-MEB-EIHNValves-Ech4-ZigZag0038.tif,1024,512,1152,640,5.539555555555556,1.0,21.511258278145686,3.7026902379515234,0.7149963119934453,10.832836540592478
2076,8,Sableux,070525-JPB-MEB-EIHNValves-Ech4-ZigZag0038.tif,1152,512,1280,640,7.278215110806879,1.0,20.649674952198854,2.699793102160792,0.490164550465132,10.48351498571461
2080,8,Sableux,070525-JPB-MEB-EIHNValves-Ech4-ZigZag0038.tif,384,640,512,768,6.431279620853081,1.0,19.78594397480525,2.92102739770369,0.6211507963589094,13.673062604822054
2085,8,Sableux,070525-JPB-MEB-EIHNValves-Ech4-ZigZag0038.tif,1024,640,1152,768,6.357708049113233,1.0,21.340940366972475,3.1994140356617367,0.5681231946402808,17.714335521990755
2087,8,Sableux,070525-JPB-MEB-EIHNValves-Ech4-ZigZag0038.tif,768,128,896,256,6.969006147540984,1.0,20.848069190501477,2.8480487418575278,0.4319550912761798,8.555888462683379
2089,8,Sableux,070525-JPB-MEB-EIHNValves-Ech4-ZigZag0038.tif,1152,640,1280,768,8.10446735395189,1.0,20.561650629897827,2.413687386914971,0.41609144116399904,17.558205905891086
2325,7,Granuleux,070525-JPB-MEB-EIHNValves-Ech5-ZigZag0003.tif,640,640,768,768,9.27254156769596,1.0,20.30322318526544,2.081761838902374,0.2559636745768767,12.324675880695931
2326,7,Granuleux,070525-JPB-MEB-EIHNValves-Ech5-ZigZag0003.tif,768,640,896,768,6.786599162801222,1.0,21.431303585346843,3.010536366628976,0.6764702863724756,10.959135601446354
2462,7,Granuleux,070525-JPB-MEB-EIHNValves-Ech5-ZigZag0027.tif,512,128,640,256,4.963636363636364,1.0,19.7875600505689,3.7850395706274336,0.781976364829332,10.528485820443459
2463,7,Granuleux,070525-JPB-MEB-EIHNValves-Ech5-ZigZag0027.tif,640,128,768,256,6.590201379824722,1.0,19.957307294361097,2.8765899859141024,0.6017660412684717,8.649555313035464
2464,7,Granuleux,070525-JPB-MEB-EIHNValves-Ech5-ZigZag0027.tif,768,128,896,256,6.6017253077444975,1.0,22.075725435261155,3.1924571915370636,0.5830895987455358,20.89950402354856
2465,7,Granuleux,070525-JPB-MEB-EIHNValves-Ech5-ZigZag0027.tif,896,128,1024,256,5.826988675126212,1.0,21.484910400267964,3.515522603933028,0.6160231718641939,23.044904998943178
2472,7,Granuleux,070525-JPB-MEB-EIHNValves-Ech5-ZigZag0027.tif,512,256,640,384,5.840352595494613,1.0,18.99860898267123,3.0817675283091273,0.7528912015586442,11.659464267504264
2473,7,Granuleux,070525-JPB-MEB-EIHNValves-Ech5-ZigZag0027.tif,640,256,768,384,6.597066373303997,1.0,21.440047328661144,3.0983540519426653,0.624347118960417,11.751170302855913
2474,7,Granuleux,070525-JPB-MEB-EIHNValves-Ech5-ZigZag0027.tif,768,256,896,384,6.325245150669242,1.0,21.506626506024094,3.2420287305155897,0.7343718871664315,12.797002127415343
2475,7,Granuleux,070525-JPB-MEB-EIHNValves-Ech5-ZigZag0027.tif,896,256,1024,384,5.250297872340425,1.0,17.93415610406938,3.2253705438850924,0.8360256661123079,13.298082379656591
2481,7,Granuleux,070525-JPB-MEB-EIHNValves-Ech5-ZigZag0027.tif,512,384,640,512,5.9185514446332865,1.0,20.192393078681025,3.242751754077249,0.6542004903544945,11.668055269203435
2482,7,Granuleux,070525-JPB-MEB-EIHNValves-Ech5-ZigZag0027.tif,640,384,768,512,5.103715523136541,1.0,18.579501631563335,3.444451704228152,0.9736577718013516,11.730152063607699
2483,7,Granuleux,070525-JPB-MEB-EIHNValves-Ech5-ZigZag0027.tif,768,384,896,512,7.099655201412833,1.0,20.980913978494623,2.8143499101925986,0.5880471827094128,11.038951268314014
2484,7,Granuleux,070525-JPB-MEB-EIHNValves-Ech5-ZigZag0027.tif,896,384,1024,512,5.5932156646442355,1.0,19.688208269525262,3.3412279071692033,0.7764797401375191,11.849998011266967
2485,7,Granuleux,070525-JPB-MEB-EIHNValves-Ech5-ZigZag0027.tif,1024,384,1152,512,6.638683200999196,1.0,20.231511254019296,2.896886426381174,0.6318594841679555,26.230873898681388
2487,7,Granuleux,070525-JPB-MEB-EIHNValves-Ech5-ZigZag0027.tif,0,512,128,640,4.800192381685264,1.0,20.094723247232473,3.9779079105426707,0.8639234325935383,8.896693968162122
2488,7,Granuleux,070525-JPB-MEB-EIHNValves-Ech5-ZigZag0027.tif,128,512,256,640,4.308649744773093,1.0,17.403094378545642,3.8070150395595643,0.9881686406218595,11.393952325722346
2489,7,Granuleux,070525-JPB-MEB-EIHNValves-Ech5-ZigZag0027.tif,256,512,384,640,5.8563188253801775,1.0,19.606586712354844,3.1771813091386725,0.7144963035494498,14.654418405880252
2490,7,Granuleux,070525-JPB-MEB-EIHNValves-Ech5-ZigZag0027.tif,384,512,512,640,6.592023243528789,1.0,21.44655601659751,3.1017117599925546,0.6605218760796385,16.623864332176204
2491,7,Granuleux,070525-JPB-MEB-EIHNValves-Ech5-ZigZag0027.tif,512,512,640,640,6.950037440718862,1.0,20.947436238044634,2.8701192487362217,0.5293528774712729,11.133792914336446
2492,7,Granuleux,070525-JPB-MEB-EIHNValves-Ech5-ZigZag0027.tif,640,512,768,640,6.266864414888527,1.0,22.24082232011747,3.389385969425875,0.5968151927861256,12.117075048302395
2493,7,Granuleux,070525-JPB-MEB-EIHNValves-Ech5-ZigZag0027.tif,896,512,1024,640,6.609284001370331,1.0,21.645036513007753,3.1236419116998646,0.584254571836013,15.885286846307897
2494,7,Granuleux,070525-JPB-MEB-EIHNValves-Ech5-ZigZag0027.tif,1024,512,1152,640,5.694906990699069,1.0,18.62206399731948,3.0943550133654267,0.7023828426033543,12.906226921147502
2500,7,Granuleux,070525-JPB-MEB-EIHNValves-Ech5-ZigZag0027.tif,512,640,640,768,7.941060126582279,1.0,20.236335160532505,2.4223888062678043,0.4388856511727847,16.03408800335077
2507,7,Granuleux,070525-JPB-MEB-EIHNValves-Ech5-ZigZag0027.tif,768,512,896,640,6.73281614277675,1.0,20.55868680013573,2.9049785981634324,0.5346557827971965,11.853348679120382
2748,7,Granuleux,070525-JPB-MEB-EIHNValves-Ech6-ZigZag0014.tif,0,0,128,128,4.703271967199936,1.0,20.50575139146568,4.147272691755121,0.8864411245102826,24.48748604674037
2749,7,Granuleux,070525-JPB-MEB-EIHNValves-Ech6-ZigZag0014.tif,128,0,256,128,4.418376773342131,1.0,16.106794362125047,3.4190824225925,1.1208132307188208,22.72099685446289
2750,7,Granuleux,070525-JPB-MEB-EIHNValves-Ech6-ZigZag0014.tif,256,0,384,128,4.034023668639053,1.0,16.571055067098563,3.8599315091157425,1.0927058943425898,25.843218930275853
2751,7,Granuleux,070525-JPB-MEB-EIHNValves-Ech6-ZigZag0014.tif,384,0,512,128,5.298124930655718,1.0,20.586883438963902,3.6969463150314477,0.6872221993570732,15.369328971554161
2752,7,Granuleux,070525-JPB-MEB-EIHNValves-Ech6-ZigZag0014.tif,512,0,640,128,5.715951455540572,1.0,19.859413250437132,3.299435517801043,0.7242657822896864,12.056161830509497
2753,7,Granuleux,070525-JPB-MEB-EIHNValves-Ech6-ZigZag0014.tif,640,0,768,128,5.43329831932773,1.0,19.01083457324496,3.3148988910061297,0.819793102108963,17.45287860322478
2754,7,Granuleux,070525-JPB-MEB-EIHNValves-Ech6-ZigZag0014.tif,768,0,896,128,4.1289785729145,1.0,18.09064171122995,4.139193606705077,1.0493717117999044,20.94723984189881
2755,7,Granuleux,070525-JPB-MEB-EIHNValves-Ech6-ZigZag0014.tif,896,0,1024,128,4.4483819416699975,1.0,17.28175718179912,3.660152701655531,1.0428821971301705,22.97370995008955
2756,7,Granuleux,070525-JPB-MEB-EIHNValves-Ech6-ZigZag0014.tif,1024,0,1152,128,5.184138715179079,1.0,19.897393087287643,3.6452329163099675,0.8333199714384398,17.607094787060365
2757,7,Granuleux,070525-JPB-MEB-EIHNValves-Ech6-ZigZag0014.tif,1152,0,1280,128,4.455694506476106,1.0,17.73871667699938,3.7567020478335267,1.001158074480915,12.79329005121831
2758,7,Granuleux,070525-JPB-MEB-EIHNValves-Ech6-ZigZag0014.tif,0,128,128,256,5.923155273879584,1.0,21.455624074987668,3.4535012386378856,0.6742152896471556,20.11341475423741
2759,7,Granuleux,070525-JPB-MEB-EIHNValves-Ech6-ZigZag0014.tif,128,128,256,256,6.608371685294761,1.0,20.04707125603865,2.882263916604907,0.5750510227892471,12.513752772279775
2760,8,Sableux,070525-JPB-MEB-EIHNValves-Ech6-ZigZag0014.tif,256,128,384,256,5.076951444376154,1.0,21.308686257562663,4.000173426921194,0.8812935847677076,18.832739818862866
2761,8,Sableux,070525-JPB-MEB-EIHNValves-Ech6-ZigZag0014.tif,512,128,640,256,5.5497973047003395,1.0,21.080379371665682,3.6182185166760643,0.795349478217256,15.558313517114327
2762,8,Sableux,070525-JPB-MEB-EIHNValves-Ech6-ZigZag0014.tif,768,128,896,256,5.664091006653789,1.0,18.463127357122143,3.08312972666005,0.8265171961046182,15.842720039172812
2763,8,Sableux,070525-JPB-MEB-EIHNValves-Ech6-ZigZag0014.tif,896,128,1024,256,6.531269543464666,1.0,20.615619902120727,3.003339514864848,0.624341640807561,15.993759093774884
2764,8,Sableux,070525-JPB-MEB-EIHNValves-Ech6-ZigZag0014.tif,1024,128,1152,256,6.148120083712205,1.0,21.21002663115845,3.287188011291369,0.6990003244233018,19.271371836656037
2765,8,Sableux,070525-JPB-MEB-EIHNValves-Ech6-ZigZag0014.tif,1152,128,1280,256,5.5786692289214495,1.0,18.350156336214823,3.110088736981671,0.839182452204429,19.93802661222699
2769,8,Sableux,070525-JPB-MEB-EIHNValves-Ech6-ZigZag0014.tif,512,256,640,384,5.722831470213671,1.0,21.121110259498526,3.5159361872222443,0.6701280349870329,11.22882054980368
2794,8,Sableux,070525-JPB-MEB-EIHNValves-Ech6-ZigZag0014.tif,384,640,512,768,4.366137603132429,1.0,14.925076562781477,3.189335249716159,1.1544092836482496,20.273634405043527
2795,8,Sableux,070525-JPB-MEB-EIHNValves-Ech6-ZigZag0014.tif,512,640,640,768,5.776124031007751,1.0,18.703993140617346,3.0650299483836667,0.8697435833559435,14.006096432144844
2796,8,Sableux,070525-JPB-MEB-EIHNValves-Ech6-ZigZag0014.tif,640,640,768,768,6.433222779485521,1.0,20.913382063536687,3.0953975551782777,0.702702580668918,14.525060107369196
2797,8,Sableux,070525-JPB-MEB-EIHNValves-Ech6-ZigZag0014.tif,768,640,896,768,7.021797939860578,1.0,22.294829400270565,3.032674762596969,0.5916382995966775,13.494785912213876
2798,8,Sableux,070525-JPB-MEB-EIHNValves-Ech6-ZigZag0014.tif,896,640,1024,768,7.92739981360671,1.0,20.224113475177294,2.4250213092798387,0.48074094551294805,13.335150292643453
2801,8,Sableux,070525-JPB-MEB-EIHNValves-Ech6-ZigZag0014.tif,384,128,512,256,6.001731689925639,1.0,20.533216168717047,3.2545967027324845,0.6798210167422826,14.547767549804687
2802,8,Sableux,070525-JPB-MEB-EIHNValves-Ech6-ZigZag0014.tif,640,128,768,256,4.973392276253232,1.0,18.559513590844062,3.5306914507199787,1.0088741955712979,13.530929376622685
2810,8,Sableux,070525-JPB-MEB-EIHNValves-Ech6-ZigZag0034.tif,256,0,384,128,5.167720090293453,1.0,19.517228059332513,3.583249041315819,0.6752225516307863,15.553226802321069
2811,8,Sableux,070525-JPB-MEB-EIHNValves-Ech6-ZigZag0034.tif,384,0,512,128,3.7733983566036478,1.0,17.228083167188842,4.300654644317856,1.2440310902411613,7.919232899417027
2812,8,Sableux,070525-JPB-MEB-EIHNValves-Ech6-ZigZag0034.tif,512,0,640,128,5.0116688166998955,1.0,20.580598958333336,3.9070017741569067,0.7958794249646896,9.168995773911153
2813,8,Sableux,070525-JPB-MEB-EIHNValves-Ech6-ZigZag0034.tif,640,0,768,128,3.6408383309940033,1.0,15.580333670374133,4.00466385619311,1.2076028117179325,10.6637699742072
2814,8,Sableux,070525-JPB-MEB-EIHNValves-Ech6-ZigZag0034.tif,768,0,896,128,5.798436142484796,1.0,20.631111111111125,3.3855871874271655,0.7046720954835219,12.02300868964498
2815,8,Sableux,070525-JPB-MEB-EIHNValves-Ech6-ZigZag0034.tif,896,0,1024,128,3.7205696773030468,1.0,17.52548369264787,4.441654135241677,1.2512578540084947,14.377664549085898
2819,8,Sableux,070525-JPB-MEB-EIHNValves-Ech6-ZigZag0034.tif,256,128,384,256,5.041252194265653,1.0,21.5283701268201,4.072077598135401,0.751290466181375,9.771443761313789
2820,8,Sableux,070525-JPB-MEB-EIHNValves-Ech6-ZigZag0034.tif,384,128,512,256,5.799505256648115,1.0,20.348421306338878,3.336219289422888,0.6985559596529539,12.129848039462217
2821,8,Sableux,070525-JPB-MEB-EIHNValves-Ech6-ZigZag0034.tif,512,128,640,256,4.887234582522628,1.0,21.125946491670867,4.118064347400841,0.9489654026257385,11.071242381402344
2822,8,Sableux,070525-JPB-MEB-EIHNValves-Ech6-ZigZag0034.tif,640,128,768,256,5.643025278886501,1.0,20.372652284263967,3.4330259615790055,0.6369235297000132,16.369641256647764
2823,8,Sableux,070525-JPB-MEB-EIHNValves-Ech6-ZigZag0034.tif,768,128,896,256,5.282495441521228,1.0,21.32522732078663,3.8476563862274658,0.781652084219119,11.06675536806444
2824,8,Sableux,070525-JPB-MEB-EIHNValves-Ech6-ZigZag0034.tif,896,128,1024,256,4.507491327773267,1.0,18.837694419030193,3.9573441459824483,0.9521276231830573,9.543988710681637
2828,8,Sableux,070525-JPB-MEB-EIHNValves-Ech6-ZigZag0034.tif,256,256,384,384,3.842430595720068,1.0,18.008819444444438,4.426578182931889,1.1875747552522173,8.431172865810991
2829,8,Sableux,070525-JPB-MEB-EIHNValves-Ech6-ZigZag0034.tif,384,256,512,384,4.439857209374516,1.0,18.59491562568487,3.962946283167433,0.8890961634820104,8.446830675691183
2830,8,Sableux,070525-JPB-MEB-EIHNValves-Ech6-ZigZag0034.tif,640,256,768,384,4.112037654732784,1.0,17.297293187347936,3.9633132173754366,0.9792990268269008,11.965416340510483
2831,8,Sableux,070525-JPB-MEB-EIHNValves-Ech6-ZigZag0034.tif,768,256,896,384,3.918988386114108,1.0,18.37557764642665,4.433689497012133,1.090050828791764,6.393144399769861
2832,8,Sableux,070525-JPB-MEB-EIHNValves-Ech6-ZigZag0034.tif,896,256,1024,384,5.510670731707318,1.0,20.77151795429815,3.587860519507492,0.7233591589645406,9.642283946852926
2837,8,Sableux,070525-JPB-MEB-EIHNValves-Ech6-ZigZag0034.tif,256,384,384,512,4.758131776480398,1.0,19.15761017719218,3.8161217532784284,0.8003525991955878,8.4795297533763
2838,8,Sableux,070525-JPB-MEB-EIHNValves-Ech6-ZigZag0034.tif,384,384,512,512,5.255187246963564,1.0,20.925346497057156,3.791557857157227,0.8010665785933919,10.032110221728125
2839,8,Sableux,070525-JPB-MEB-EIHNValves-Ech6-ZigZag0034.tif,512,384,640,512,6.208884385665529,1.0,19.00934729064039,2.900577007395826,0.5364821326852798,11.668628325336218
2840,8,Sableux,070525-JPB-MEB-EIHNValves-Ech6-ZigZag0034.tif,640,384,768,512,6.633182518290336,1.0,21.381836894726526,3.0727085887544408,0.4063880905820762,13.442955160098096
2841,8,Sableux,070525-JPB-MEB-EIHNValves-Ech6-ZigZag0034.tif,768,384,896,512,3.6329768885822693,1.0,16.77602377807132,4.342450905110972,1.1042882509985021,6.7455719244582335
2842,8,Sableux,070525-JPB-MEB-EIHNValves-Ech6-ZigZag0034.tif,896,384,1024,512,4.574197035206918,1.0,17.72689013946661,3.6567926590661077,0.9244838431566357,9.686998243373973
2847,8,Sableux,070525-JPB-MEB-EIHNValves-Ech6-ZigZag0034.tif,256,512,384,640,5.1214776391420145,1.0,21.16169499105545,3.936694917295993,0.7432308765516117,11.568327879552879
2848,8,Sableux,070525-JPB-MEB-EIHNValves-Ech6-ZigZag0034.tif,384,512,512,640,4.944615384615386,1.0,19.958483530142942,3.8341674843163993,0.8789543296058231,8.551207150386574
2849,8,Sableux,070525-JPB-MEB-EIHNValves-Ech6-ZigZag0034.tif,512,512,640,640,4.392168421052632,1.0,17.918650793650798,3.8520041063443684,0.9608792037989874,8.237775589033332
2850,8,Sableux,070525-JPB-MEB-EIHNValves-Ech6-ZigZag0034.tif,640,512,768,640,4.71404990403071,1.0,20.381765098431764,4.111489163884231,0.8749216127529802,13.602745039256272
2851,8,Sableux,070525-JPB-MEB-EIHNValves-Ech6-ZigZag0034.tif,768,512,896,640,4.132154253513477,1.0,19.626457527574843,4.507686883116038,1.1113849403545775,9.82396150540383
2852,8,Sableux,070525-JPB-MEB-EIHNValves-Ech6-ZigZag0034.tif,896,512,1024,640,3.8667975158190764,1.0,14.799490968801312,3.568713104926639,1.2415100104201962,11.367665366487577
2867,8,Sableux,070525-JPB-MEB-EIHNValves-Ech6-ZigZag0034.tif,512,256,640,384,4.789620423244877,1.0,17.220907877169562,3.386679202896042,0.9604408974025221,15.192225255760375
2928,8,Sableux,070525-JPB-MEB-EIHNValves-Ech6-ZigZag0058.tif,0,0,128,128,7.104263824117254,1.0,21.571128220313888,2.895603081417091,0.5292261819923775,17.756541274919183
2929,8,Sableux,070525-JPB-MEB-EIHNValves-Ech6-ZigZag0058.tif,128,0,256,128,7.485660941000747,1.0,21.93090972953987,2.7961338209824995,0.5003701251318156,11.754154746565554
2930,8,Sableux,070525-JPB-MEB-EIHNValves-Ech6-ZigZag0058.tif,256,0,384,128,5.917447259102386,1.0,19.703887642849505,3.160803438354039,0.6605119077535132,11.768444947888142
2931,8,Sableux,070525-JPB-MEB-EIHNValves-Ech6-ZigZag0058.tif,512,0,640,128,5.041156697121185,1.0,18.84833659491191,3.5405240636745976,0.9909329260970042,12.158906644972907
2938,8,Sableux,070525-JPB-MEB-EIHNValves-Ech6-ZigZag0058.tif,128,128,256,256,6.6232644409115,1.0,20.821664122137395,2.992733311341185,0.5646840466027058,12.74822704979204
2939,8,Sableux,070525-JPB-MEB-EIHNValves-Ech6-ZigZag0058.tif,256,128,384,256,6.525906735751295,1.0,21.757118055555555,3.1807255138723476,0.49869564065936495,12.998449840504259
2940,8,Sableux,070525-JPB-MEB-EIHNValves-Ech6-ZigZag0058.tif,384,128,512,256,4.755021497786049,1.0,19.78426675857316,3.950406274150215,0.9077463442231019,9.274069243125702
2941,8,Sableux,070525-JPB-MEB-EIHNValves-Ech6-ZigZag0058.tif,512,128,640,256,5.8428274907749085,1.0,21.05884476534296,3.4330715389104607,0.7692458864741403,15.65841424651468
2948,8,Sableux,070525-JPB-MEB-EIHNValves-Ech6-ZigZag0058.tif,128,256,256,384,4.068353338604183,1.0,18.972574109618254,4.4176531912993795,0.973227554561643,11.778997234814872
2949,8,Sableux,070525-JPB-MEB-EIHNValves-Ech6-ZigZag0058.tif,256,256,384,384,4.793519585253455,1.0,19.324075350333104,3.8226766417528313,0.9031123462459617,11.276470464826643
2950,8,Sableux,070525-JPB-MEB-EIHNValves-Ech6-ZigZag0058.tif,384,256,512,384,5.054392411553581,1.0,18.574194095690533,3.4770141818665614,0.8685263020488908,10.046704138078614
2951,8,Sableux,070525-JPB-MEB-EIHNValves-Ech6-ZigZag0058.tif,512,256,640,384,5.439766970618033,1.0,20.382070707070703,3.563033271785286,0.7795306455905641,11.759588630838262
2952,8,Sableux,070525-JPB-MEB-EIHNValves-Ech6-ZigZag0058.tif,640,256,768,384,8.065265916149068,1.0,21.159610946257843,2.4995593642972502,0.45945055287767067,8.481962219193491
2958,8,Sableux,070525-JPB-MEB-EIHNValves-Ech6-ZigZag0058.tif,128,384,256,512,5.477869155424135,1.0,19.534438775510207,3.383512502695976,0.7367702551368459,10.589202560148944
2959,8,Sableux,070525-JPB-MEB-EIHNValves-Ech6-ZigZag0058.tif,256,384,384,512,4.916825177243646,1.0,20.438161124748945,3.9533968412612763,0.780680985174979,10.89728308617236
2960,8,Sableux,070525-JPB-MEB-EIHNValves-Ech6-ZigZag0058.tif,384,384,512,512,4.189092172301992,1.0,16.50706836616454,3.7017730162865066,1.1000259342990748,10.069698237876079
2961,8,Sableux,070525-JPB-MEB-EIHNValves-Ech6-ZigZag0058.tif,512,384,640,512,5.3523216009830605,1.0,19.41604166666667,3.440757682289531,0.7557113380648605,9.179080626332789
2962,8,Sableux,070525-JPB-MEB-EIHNValves-Ech6-ZigZag0058.tif,640,384,768,512,7.586134067952248,1.0,19.715457636724278,2.467061281686023,0.461165635988206,10.251967168657739
2967,8,Sableux,070525-JPB-MEB-EIHNValves-Ech6-ZigZag0058.tif,0,512,128,640,4.515702050350377,1.0,17.2770909090909,3.6045537831327796,0.9701120947725358,8.048172912505029
2968,8,Sableux,070525-JPB-MEB-EIHNValves-Ech6-ZigZag0058.tif,128,512,256,640,5.992276184903454,1.0,21.152147584847206,3.3630204888782,0.6871746381254763,9.017100112668746
2969,8,Sableux,070525-JPB-MEB-EIHNValves-Ech6-ZigZag0058.tif,256,512,384,640,6.409272284593534,1.0,21.021006455884795,3.123756577483975,0.6364621369480586,15.737852560691948
2970,8,Sableux,070525-JPB-MEB-EIHNValves-Ech6-ZigZag0058.tif,384,512,512,640,5.587779756834197,1.0,17.411285660424788,2.9369957970073495,0.8085125542066403,9.64724374849652
2971,8,Sableux,070525-JPB-MEB-EIHNValves-Ech6-ZigZag0058.tif,512,512,640,640,5.153314917127073,1.0,18.664634299335088,3.4278196817793085,0.8396773463284625,10.834708258736946
2972,8,Sableux,070525-JPB-MEB-EIHNValves-Ech6-ZigZag0058.tif,640,512,768,640,5.334574132492112,1.0,22.462727519695733,4.0233253839269745,0.7422175756483064,10.0611819637245
2978,8,Sableux,070525-JPB-MEB-EIHNValves-Ech6-ZigZag0058.tif,128,640,256,768,5.036819971367215,1.0,18.213705882352944,3.4175741797816106,0.9853176094185062,8.194935065152073
2979,8,Sableux,070525-JPB-MEB-EIHNValves-Ech6-ZigZag0058.tif,256,640,384,768,6.679886816958902,1.0,21.31341198385594,3.0409814627823084,0.557804092187235,16.50534460887573
2980,8,Sableux,070525-JPB-MEB-EIHNValves-Ech6-ZigZag0058.tif,384,640,512,768,4.948002168189562,1.0,20.034189115892246,3.8468433256278702,0.8415528618521941,8.845593322481761
2981,8,Sableux,070525-JPB-MEB-EIHNValves-Ech6-ZigZag0058.tif,512,640,640,768,5.105557233464212,1.0,19.97577235772358,3.716689773517274,0.8104731361005203,16.558116374116693
2988,8,Sableux,070525-JPB-MEB-EIHNValves-Ech6-ZigZag0077.tif,0,0,128,128,6.629140426924022,1.0,20.75118610561988,2.9794490437102716,0.6801591919038407,16.625535993858538
3013,8,Sableux,070525-JPB-MEB-EIHNValves-Ech6-ZigZag0077.tif,896,256,1024,384,5.642757009345794,1.0,21.542690834070154,3.6405414587313265,0.7640839743938921,11.580887453200427
3014,8,Sableux,070525-JPB-MEB-EIHNValves-Ech6-ZigZag0077.tif,1024,256,1152,384,6.247946009389672,1.0,19.300158820192856,2.9289879894433497,0.6268267620653787,12.754013845623707
3115,7,Granuleux,070525-JPB-MEB-EIHNValves-Ech6-ZigZag0100.tif,896,0,1024,128,6.7264039740675265,1.0,19.656549032914832,2.7736289858358036,0.6733943761555956,16.419617520299138
3118,8,Sableux,070525-JPB-MEB-EIHNValves-Ech6-ZigZag0100.tif,0,128,128,256,5.035820341499629,1.0,18.029512969825326,3.3816760358758287,0.8913218199204133,10.442163823820264
3119,8,Sableux,070525-JPB-MEB-EIHNValves-Ech6-ZigZag0100.tif,128,128,256,256,5.326480649272252,1.0,16.904831460674153,2.9859925357744803,0.8639823298732713,13.21920949154776
3133,7,Granuleux,070525-JPB-MEB-EIHNValves-Ech6-ZigZag0100.tif,640,256,768,384,7.682368228701373,1.0,21.067499282227974,2.6121501449586444,0.5292705554602453,12.422623271717239
3170,7,Granuleux,070525-JPB-MEB-EIHNValves-Ech6-ZigZag0103.tif,256,0,384,128,5.696242331288344,1.0,17.735140431090798,2.937926348246799,0.8835116346534736,16.822098020083814
3171,7,Granuleux,070525-JPB-MEB-EIHNValves-Ech6-ZigZag0103.tif,384,0,512,128,5.826204638107332,1.0,18.06338835396607,2.928731380693347,0.7747355980682203,10.318840424153302
3191,7,Granuleux,070525-JPB-MEB-EIHNValves-Ech6-ZigZag0103.tif,384,256,512,384,6.674905711206896,1.0,20.30591320072333,2.8923124963862015,0.5615484108635337,15.476880820792825
3192,7,Granuleux,070525-JPB-MEB-EIHNValves-Ech6-ZigZag0103.tif,512,256,640,384,6.449046240629407,1.0,20.57126135838595,3.034752834471203,0.6524987532896563,15.475469058605205
3193,7,Granuleux,070525-JPB-MEB-EIHNValves-Ech6-ZigZag0103.tif,640,256,768,384,7.9529484656316045,1.0,19.759100907341214,2.358760526163099,0.5528648256730414,15.878675604126979
3199,7,Granuleux,070525-JPB-MEB-EIHNValves-Ech6-ZigZag0103.tif,128,384,256,512,5.925873030498481,1.0,20.39737060614448,3.2733355079180266,0.8531290159422006,18.284221965840953
3200,7,Granuleux,070525-JPB-MEB-EIHNValves-Ech6-ZigZag0103.tif,256,384,384,512,5.759111151504136,1.0,20.80624768946396,3.439115371873151,0.7858706103257564,20.333870249515808
3202,7,Granuleux,070525-JPB-MEB-EIHNValves-Ech6-ZigZag0103.tif,512,384,640,512,9.381942830583313,1.0,21.605130271286594,2.196254085467017,0.2800501057076839,17.014442678517913
3208,7,Granuleux,070525-JPB-MEB-EIHNValves-Ech6-ZigZag0103.tif,0,512,128,640,5.740039840637451,1.0,18.82188826431112,3.1048370323387755,0.8148001911117417,16.654884926573928
3232,8,Sableux,070525-JPB-MEB-EIHNValves-Ech6-ZigZag0106.tif,512,0,640,128,4.662929200850805,1.0,19.11003383845815,3.8838320417032635,0.8915829859135183,8.613946077634994
3233,8,Sableux,070525-JPB-MEB-EIHNValves-Ech6-ZigZag0106.tif,640,0,768,128,4.617783343769567,1.0,19.02618357487923,3.9036442883793208,0.9684720042025089,9.559781609866606
3234,8,Sableux,070525-JPB-MEB-EIHNValves-Ech6-ZigZag0106.tif,768,0,896,128,3.7737476298244537,1.0,16.632778009162845,4.142507539617864,1.3370418694829131,7.636309271758969
3235,8,Sableux,070525-JPB-MEB-EIHNValves-Ech6-ZigZag0106.tif,896,0,1024,128,5.658601453035805,1.0,21.40148376259799,3.6053932993730666,0.7119184627638621,10.995555291111536
3236,8,Sableux,070525-JPB-MEB-EIHNValves-Ech6-ZigZag0106.tif,1024,0,1152,128,4.115909090909091,1.0,16.32390984811367,3.7230923982164628,1.1934420539144805,7.017685648898381
3241,8,Sableux,070525-JPB-MEB-EIHNValves-Ech6-ZigZag0106.tif,384,128,512,256,4.003257846642828,1.0,15.387435456110163,3.5939317444105203,1.0895479895068674,6.688216686839479
3242,8,Sableux,070525-JPB-MEB-EIHNValves-Ech6-ZigZag0106.tif,512,128,640,256,3.5272169881860327,1.0,15.94010432648053,4.235663520707833,1.3080312837911159,8.460932987877655
3243,8,Sableux,070525-JPB-MEB-EIHNValves-Ech6-ZigZag0106.tif,640,128,768,256,4.302980495288188,1.0,19.48593682388578,4.296077299008928,1.0915866103303757,9.019171348683672
3244,8,Sableux,070525-JPB-MEB-EIHNValves-Ech6-ZigZag0106.tif,768,128,896,256,4.3418787834585375,1.0,19.126244984658967,4.174746898442994,1.0356879749729335,10.263312365063781
3245,8,Sableux,070525-JPB-MEB-EIHNValves-Ech6-ZigZag0106.tif,896,128,1024,256,6.0492438929817745,1.0,19.674319578577702,3.0870502014711816,0.6010732134233837,12.184387660600885
3246,8,Sableux,070525-JPB-MEB-EIHNValves-Ech6-ZigZag0106.tif,1024,128,1152,256,4.90708705357143,1.0,21.032383711572518,4.082337136650701,0.8127003775928571,12.02888073799885
3250,8,Sableux,070525-JPB-MEB-EIHNValves-Ech6-ZigZag0106.tif,256,256,384,384,4.942015107990212,1.0,19.641221747098356,3.771988012938158,0.7457387138742354,9.165133856728737
3251,8,Sableux,070525-JPB-MEB-EIHNValves-Ech6-ZigZag0106.tif,384,256,512,384,6.617491942572516,1.0,20.462219286657863,2.941026518136118,0.5917954266655366,7.589295825185172
3252,8,Sableux,070525-JPB-MEB-EIHNValves-Ech6-ZigZag0106.tif,512,256,640,384,3.880254852923664,1.0,18.377000919963216,4.478314332077989,1.1906301556451029,10.91277608751614
3253,8,Sableux,070525-JPB-MEB-EIHNValves-Ech6-ZigZag0106.tif,640,256,768,384,4.54603448275862,1.0,20.287756066813742,4.242765016403827,0.8704707162509441,10.77393106944086
3254,8,Sableux,070525-JPB-MEB-EIHNValves-Ech6-ZigZag0106.tif,768,256,896,384,4.129536333361797,1.0,18.75637860082304,4.299848013776361,1.002951614241719,11.286433322111119
3255,8,Sableux,070525-JPB-MEB-EIHNValves-Ech6-ZigZag0106.tif,896,256,1024,384,4.981816774992263,1.0,19.036394032921812,3.6204450800882424,0.8598692694066201,10.535429976786002
3259,8,Sableux,070525-JPB-MEB-EIHNValves-Ech6-ZigZag0106.tif,256,384,384,512,4.809139784946237,1.0,19.866251415628547,3.922999176419127,0.6966726022728337,6.411093267070427
3260,8,Sableux,070525-JPB-MEB-EIHNValves-Ech6-ZigZag0106.tif,512,384,640,512,4.652460903120981,1.0,18.463244228432554,3.753549915211065,0.9564216593151368,8.443189144073001
3261,8,Sableux,070525-JPB-MEB-EIHNValves-Ech6-ZigZag0106.tif,640,384,768,512,4.792793096474078,1.0,19.5045530353569,3.8609121368018524,0.9155253267038304,10.301521971177475
3262,8,Sableux,070525-JPB-MEB-EIHNValves-Ech6-ZigZag0106.tif,768,384,896,512,4.700116686114352,1.0,18.526062499999995,3.7288568923783503,1.0034970415612627,7.596923111942126
3263,8,Sableux,070525-JPB-MEB-EIHNValves-Ech6-ZigZag0106.tif,896,384,1024,512,4.643595150237215,1.0,21.32585639636153,4.377180985582517,0.8627141682108753,9.769376742099434
3268,8,Sableux,070525-JPB-MEB-EIHNValves-Ech6-ZigZag0106.tif,256,512,384,640,4.621374500297694,1.0,19.301789442290488,3.9602480692944373,0.8533417932403448,8.704499141130464
3269,8,Sableux,070525-JPB-MEB-EIHNValves-Ech6-ZigZag0106.tif,384,512,512,640,6.000542005420054,1.0,19.364899583861046,3.060540125754099,0.6450338062825417,9.152994560127555
3270,8,Sableux,070525-JPB-MEB-EIHNValves-Ech6-ZigZag0106.tif,512,512,640,640,5.514979338842974,1.0,18.46573292402149,3.166962530758229,0.6985847593030282,11.863377297678023
3271,8,Sableux,070525-JPB-MEB-EIHNValves-Ech6-ZigZag0106.tif,640,512,768,640,5.137893807046815,1.0,19.464683515991943,3.593823502281603,0.8893517853802779,11.783809772709915
3272,8,Sableux,070525-JPB-MEB-EIHNValves-Ech6-ZigZag0106.tif,768,512,896,640,4.402142749358685,1.0,18.256211812627303,3.919957346940017,1.1231962175095613,9.575147343291208
3273,8,Sableux,070525-JPB-MEB-EIHNValves-Ech6-ZigZag0106.tif,896,512,1024,640,6.673773203455247,1.0,19.992037252619326,2.845772050327764,0.6112498931304409,9.360503416864328
3278,8,Sableux,070525-JPB-MEB-EIHNValves-Ech6-ZigZag0106.tif,256,640,384,768,5.975953118685166,1.0,20.746437125748507,3.304315936483306,0.6920067248758629,8.764026516284343
3279,8,Sableux,070525-JPB-MEB-EIHNValves-Ech6-ZigZag0106.tif,384,640,512,768,3.9545735858398317,1.0,18.668119402985084,4.467768526611678,1.2017796847633748,9.569670908694635
3280,8,Sableux,070525-JPB-MEB-EIHNValves-Ech6-ZigZag0106.tif,512,640,640,768,5.5317703768624025,1.0,19.64080922079481,3.3697727763182757,0.670605751330105,10.373751523371075
3281,8,Sableux,070525-JPB-MEB-EIHNValves-Ech6-ZigZag0106.tif,640,640,768,768,4.979729274698632,1.0,21.0193143812709,4.020161192895863,0.8771312808902585,10.453823527416565
3282,8,Sableux,070525-JPB-MEB-EIHNValves-Ech6-ZigZag0106.tif,768,640,896,768,5.980350170046606,1.0,21.251559039018574,3.386350040245344,0.6296810410842911,9.921355514743889
3283,8,Sableux,070525-JPB-MEB-EIHNValves-Ech6-ZigZag0106.tif,896,640,1024,768,4.3694961240310075,1.0,17.171689626089414,3.7010422179229407,1.0221582755828766,8.440841433487648
3287,8,Sableux,070525-JPB-MEB-EIHNValves-Ech6-ZigZag0106.tif,384,384,512,512,6.753925853974421,1.0,20.12872903128306,2.8322385298361774,0.5292782731538312,8.985886710323047
3288,7,Granuleux,070722-Nabila-JP-Valves-WholeMount-SAureus-pat08-20.tif,0,0,128,128,13.515926540776093,1.5911235832606803,22.693939694997763,1.5613295949835302,-0.10887967021712644,13.614566102958868
3290,7,Granuleux,070722-Nabila-JP-Valves-WholeMount-SAureus-pat08-20.tif,256,0,384,128,10.036405972797162,1.3522588371324744,21.005272474396257,1.9581724464446366,0.26583705919839046,13.051524295423297
3292,7,Granuleux,070722-Nabila-JP-Valves-WholeMount-SAureus-pat08-20.tif,512,0,640,128,10.518029398254479,1.5319585292617983,21.52083827014218,1.9004396150668335,0.17790490567241823,15.02102511433863
3296,7,Granuleux,070722-Nabila-JP-Valves-WholeMount-SAureus-pat08-20.tif,1024,0,1152,128,11.5375491194877,1.2056615826878545,22.15086304792187,1.8153943483418116,0.0334377161308055,13.823878775342703
3298,7,Granuleux,070722-Nabila-JP-Valves-WholeMount-SAureus-pat08-20.tif,0,128,128,256,8.361631358100503,1.0151828975108186,18.88039892021596,2.1365706352741616,0.3987077574556251,20.322850585375388
3305,7,Granuleux,070722-Nabila-JP-Valves-WholeMount-SAureus-pat08-20.tif,896,128,1024,256,10.102572848650231,1.1788025683548073,21.572288750210838,2.018642823702155,0.24642940172357314,22.263551570571646
3306,7,Granuleux,070722-Nabila-JP-Valves-WholeMount-SAureus-pat08-20.tif,1024,128,1152,256,8.34932927672521,1.0,19.26146428571428,2.1871773983834095,0.4125556317781503,20.320996869144352
3308,7,Granuleux,070722-Nabila-JP-Valves-WholeMount-SAureus-pat08-20.tif,0,256,128,384,10.500770284149262,1.0,22.70283533260633,2.0667850781733983,0.16172480277355922,24.854283342401683
3319,7,Granuleux,070722-Nabila-JP-Valves-WholeMount-SAureus-pat08-20.tif,128,384,256,512,9.614373601789708,1.0,20.411105371900828,2.0189672438241284,0.23461916679809514,15.212513544187104
3320,7,Granuleux,070722-Nabila-JP-Valves-WholeMount-SAureus-pat08-20.tif,256,384,384,512,12.209239130434781,1.5797210167389957,22.157940205785287,1.6854628670307223,-0.02306453845398317,13.528361073771737
3322,7,Granuleux,070722-Nabila-JP-Valves-WholeMount-SAureus-pat08-20.tif,512,384,640,512,11.12777129521587,1.5000924566269647,20.121678688524597,1.6734335868228667,0.10246711828680201,17.381997186635193
3323,7,Granuleux,070722-Nabila-JP-Valves-WholeMount-SAureus-pat08-20.tif,640,384,768,512,12.377611408199641,1.9585824772018934,21.8926598437328,1.6104946834350793,-0.0211420422371997,26.193210152242294
3324,7,Granuleux,070722-Nabila-JP-Valves-WholeMount-SAureus-pat08-20.tif,768,384,896,512,10.433660276415516,1.5325796654293016,21.265912624378114,1.8913144990502027,0.26074732414133833,18.60280106701575
3328,7,Granuleux,070722-Nabila-JP-Valves-WholeMount-SAureus-pat08-20.tif,0,512,128,640,7.462540439298485,1.0,19.513625592417068,2.480874407718109,0.5052862241815059,15.026004318935207
3331,7,Granuleux,070722-Nabila-JP-Valves-WholeMount-SAureus-pat08-20.tif,384,512,512,640,9.65750833258265,1.5915654952076679,20.590880223548837,1.967310208187032,0.24797254748390846,13.414184418542472
3333,7,Granuleux,070722-Nabila-JP-Valves-WholeMount-SAureus-pat08-20.tif,640,512,768,640,10.056698165647582,1.6832745061613723,21.428546861564918,1.9633951452228047,0.2414658362688828,10.68054318976563
3334,7,Granuleux,070722-Nabila-JP-Valves-WholeMount-SAureus-pat08-20.tif,768,512,896,640,9.059312815919125,1.5545205479452058,18.995025053686476,1.9251465160905608,0.38360040224937514,13.924487709944444
3335,7,Granuleux,070722-Nabila-JP-Valves-WholeMount-SAureus-pat08-20.tif,896,512,1024,640,8.364007755158564,1.3778066061271332,19.119032761310454,2.121139371761257,0.5499169945876587,13.436207147853192
3340,7,Granuleux,070722-Nabila-JP-Valves-WholeMount-SAureus-pat08-20.tif,256,640,384,768,10.497315569695765,1.4067395984359212,21.748354092526682,1.9377920344525097,0.2066964148924073,18.12930179674869
3341,7,Granuleux,070722-Nabila-JP-Valves-WholeMount-SAureus-pat08-20.tif,384,640,512,768,12.416945230136283,1.7856209150326798,21.362831279310726,1.5766527113902051,-0.03973358678375155,15.913129708486537
3342,7,Granuleux,070722-Nabila-JP-Valves-WholeMount-SAureus-pat08-20.tif,512,640,640,768,12.106333009394234,2.0998590667084245,23.453051413672288,1.763803484539396,0.012991660780307012,14.51070850855416
3343,7,Granuleux,070722-Nabila-JP-Valves-WholeMount-SAureus-pat08-20.tif,640,640,768,768,12.961924524659784,1.8406902871105684,22.757537718057524,1.6137146448548672,-0.08189506665553264,16.117758949271145
3344,7,Granuleux,070722-Nabila-JP-Valves-WholeMount-SAureus-pat08-20.tif,768,640,896,768,14.864362454057114,1.6472882780441984,22.559908705274808,1.4068965616162483,-0.23807962609327435,23.162278620250106
3345,7,Granuleux,070722-Nabila-JP-Valves-WholeMount-SAureus-pat08-20.tif,896,640,1024,768,9.208880308880309,1.5157566142981422,19.89342621912603,1.995646483439027,0.3273495406422277,13.172101438432422
3347,7,Granuleux,070722-Nabila-JP-Valves-WholeMount-SAureus-pat08-20.tif,1152,640,1280,768,10.31805943358596,1.305226384992023,22.976303265080244,2.1003054905409293,0.2725862354520599,18.686147033931448
3348,7,Granuleux,070722-Nabila-JP-Valves-WholeMount-SAureus-pat10-00.tif,0,0,128,128,7.551718290752884,1.0063769065219426,21.738577494692144,2.7453620209266654,0.5886076677437193,16.365635385413494
3357,7,Granuleux,070722-Nabila-JP-Valves-WholeMount-SAureus-pat10-00.tif,1152,0,1280,128,8.148906597479614,1.0351922533220244,22.29894088403761,2.6093989882387754,0.45241358423277656,10.760335676036
3360,7,Granuleux,070722-Nabila-JP-Valves-WholeMount-SAureus-pat10-00.tif,256,128,384,256,8.548000297907201,1.0,19.30426984339446,2.1413511003124177,0.4418399438223254,12.597019081266463
3363,7,Granuleux,070722-Nabila-JP-Valves-WholeMount-SAureus-pat10-00.tif,640,128,768,256,7.858089477897359,1.0144982711047468,21.79089774264018,2.643950483126175,0.5571769679147007,14.152971656509354
3369,7,Granuleux,070722-Nabila-JP-Valves-WholeMount-SAureus-pat10-00.tif,128,256,256,384,8.894739819004522,1.0,18.914221575051563,2.014024236749005,0.40406773024482223,18.552974158336948
3373,7,Granuleux,070722-Nabila-JP-Valves-WholeMount-SAureus-pat10-00.tif,640,256,768,384,9.290757042253523,1.0530324795907642,18.837120905782452,1.9141700020042782,0.2527466274266991,15.54909336602741
3375,7,Granuleux,070722-Nabila-JP-Valves-WholeMount-SAureus-pat10-00.tif,896,256,1024,384,6.7307892004153675,1.0,17.877654995928808,2.5075298740431897,0.646159536181504,13.831658574049866
3381,7,Granuleux,070722-Nabila-JP-Valves-WholeMount-SAureus-pat10-00.tif,384,384,512,512,7.64753316569843,1.0,19.803242034656225,2.4587329832049147,0.5051748494275128,24.34557320490882
3382,7,Granuleux,070722-Nabila-JP-Valves-WholeMount-SAureus-pat10-00.tif,512,384,640,512,6.950400887069259,1.0,19.406150930392833,2.6482142871264025,0.6281907373445024,18.503682417237517
3383,7,Granuleux,070722-Nabila-JP-Valves-WholeMount-SAureus-pat10-00.tif,640,384,768,512,8.791358747347624,1.0629247791969005,21.110253422662392,2.2803447361892517,0.39393815335196636,12.950418702651069
3398,7,Granuleux,070722-Nabila-JP-Valves-WholeMount-SAureus-pat10-00.tif,0,640,128,768,6.88737340738321,1.0,19.477096388087027,2.6827493291244706,0.5733368189362116,21.540105240227238
3399,7,Granuleux,070722-Nabila-JP-Valves-WholeMount-SAureus-pat10-00.tif,128,640,256,768,7.421026974325642,1.0,20.49166093298473,2.626544951314634,0.6103910560773005,22.358958161715126
3401,7,Granuleux,070722-Nabila-JP-Valves-WholeMount-SAureus-pat10-00.tif,384,640,512,768,7.061352253756259,1.0,20.557363796133572,2.7696343551945177,0.5593279293584168,19.755677059820133
3409,7,Granuleux,310120-pat18-WholeMount-24.tif,128,0,256,128,10.358950328022495,1.0,22.18771593090211,2.0453535599631367,0.13579350090299852,14.069946521000434
3410,7,Granuleux,310120-pat18-WholeMount-24.tif,256,0,384,128,8.32618920837771,1.0,21.842811373648377,2.5032834171816076,0.4081186925177727,18.64363765343418
3411,7,Granuleux,310120-pat18-WholeMount-24.tif,384,0,512,128,9.140388438599174,1.0,20.35736910148675,2.117784077943781,0.34078523199028016,18.82439487871208
3412,7,Granuleux,310120-pat18-WholeMount-24.tif,512,0,640,128,7.517824635922331,1.0,20.75622056289488,2.627917186109127,0.5366175843473383,13.651984275265615
3413,8,Sableux,310120-pat18-WholeMount-24.tif,640,0,768,128,6.110017558451161,1.0,17.689765117441276,2.7315412693628973,0.6375632524910569,12.546751284048748
3414,7,Granuleux,310120-pat18-WholeMount-24.tif,768,0,896,128,7.147245857590684,1.0,21.319447797223898,2.842975910174374,0.5907974173532563,14.127212932871014
3415,7,Granuleux,310120-pat18-WholeMount-24.tif,896,0,1024,128,7.6639287136598995,1.0,21.041821027915482,2.6150844790862537,0.510520706463552,11.426530664108288
3416,7,Granuleux,310120-pat18-WholeMount-24.tif,1024,0,1152,128,6.009405125793559,1.0,21.62086853416333,3.4314325798496212,0.6440165465654871,12.621982877122274
3419,7,Granuleux,310120-pat18-WholeMount-24.tif,128,128,256,256,7.920795217824473,1.0,21.602157738095237,2.6010213837789165,0.41670184673795835,15.529505552915168
3420,7,Granuleux,310120-pat18-WholeMount-24.tif,256,128,384,256,9.265248014386332,1.0,20.864592622618563,2.1439893019349747,0.2632857780194236,19.496598029393418
3427,7,Granuleux,310120-pat18-WholeMount-24.tif,1152,128,1280,256,4.843742214101819,1.0,19.34919006479482,3.7882259735817367,0.7873591217293526,21.490337397494766
3428,7,Granuleux,310120-pat18-WholeMount-24.tif,0,256,128,384,6.41267811472415,1.0,20.25044272274489,3.0019349760506375,0.5663766876801112,20.807019262038608
3435,7,Granuleux,310120-pat18-WholeMount-24.tif,896,256,1024,384,6.437079999999999,1.0,21.47848324514992,3.1813311695908584,0.6768878613657348,17.128033640784377
3436,7,Granuleux,310120-pat18-WholeMount-24.tif,1024,256,1152,384,5.209146725440807,1.0,19.58673501087294,3.5680958879690796,0.7988585271370082,12.679355057438
3437,7,Granuleux,310120-pat18-WholeMount-24.tif,1152,256,1280,384,8.75914861837192,1.0,23.16275844679778,2.5302411698224176,0.2972888314940595,25.83391895604591
3438,7,Granuleux,310120-pat18-WholeMount-24.tif,0,384,128,512,4.658155049459397,1.0,17.569535187605,3.55710254632421,0.9651785632821206,16.201235058128397
3439,7,Granuleux,310120-pat18-WholeMount-24.tif,128,384,256,512,6.707162284678151,1.0,21.26503701962628,3.021402518606081,0.5633966685522038,14.454908555274162
3440,7,Granuleux,310120-pat18-WholeMount-24.tif,256,384,384,512,6.065923775634422,1.0,21.4936845585804,3.378493584258238,0.6873059085726038,12.190396788709407
3441,7,Granuleux,310120-pat18-WholeMount-24.tif,384,384,512,512,5.793184796854522,1.0,20.888219992567826,3.4330373861656147,0.6790360493871124,16.134796057121633
3442,7,Granuleux,310120-pat18-WholeMount-24.tif,512,384,640,512,6.132679881721607,1.0,22.37325187693214,3.485140638211838,0.7058950731007478,20.638138340074974
3443,7,Granuleux,310120-pat18-WholeMount-24.tif,640,384,768,512,6.302166323516247,1.0,20.224130579613593,3.0504003850040617,0.5632445816362684,18.157472146568267
3452,7,Granuleux,310120-pat18-WholeMount-24.tif,512,512,640,640,8.711053412462908,1.0,21.299658087187773,2.3303333277861715,0.3257964903541309,18.212135892371357
3453,7,Granuleux,310120-pat18-WholeMount-24.tif,640,512,768,640,5.367194157029824,1.0,18.598314981648315,3.2788668467673108,0.7866148681348907,16.60910783088098
3454,7,Granuleux,310120-pat18-WholeMount-24.tif,768,512,896,640,5.356872580077438,1.0,18.709579782544825,3.3059550171881855,0.868498845334197,17.017706619240798
3455,7,Granuleux,310120-pat18-WholeMount-24.tif,896,512,1024,640,6.595857875736272,1.0,21.385140257771038,3.090597256917929,0.4890324479106523,12.147371553070236
3462,7,Granuleux,310120-pat18-WholeMount-24.tif,512,640,640,768,5.863501345957486,1.0,20.465292028413575,3.319738647597253,0.6671098514040039,11.399672482516543
3463,8,Sableux,310120-pat18-WholeMount-24.tif,640,640,768,768,4.973932104982522,1.0,18.845414462081127,3.587788109171192,0.8838683654847558,14.962202419935537
3464,8,Sableux,310120-pat18-WholeMount-24.tif,768,640,896,768,6.627765325017054,1.0,21.094204939341417,3.031822032607908,0.5512465529387718,14.089915188274333
3465,7,Granuleux,310120-pat18-WholeMount-24.tif,896,640,1024,768,9.28660797034291,1.0,21.33596205774424,2.1898159287748347,0.22926235572741416,19.947365248000025
3541,7,Granuleux,A-ZIgZag-pat04-X4000-10014.tif,1024,128,1152,256,9.743581960104075,1.0183461510817222,21.738436018957348,2.1265372378162155,0.27152109797357216,30.64484265651233
3542,7,Granuleux,A-ZIgZag-pat04-X4000-10014.tif,1152,128,1280,256,9.082414926527454,1.0,22.58536451814768,2.3766107024137657,0.41510531685341434,22.769804099593554
3552,7,Granuleux,A-ZIgZag-pat04-X4000-10014.tif,1152,256,1280,384,8.065237760599672,1.0,20.65376766091053,2.4368491350525563,0.44518123511715046,19.440919035696318
