{
  "stage_1": {
    "nnt_mean": 1.0287945487542642,
    "nnt_std": 0.07858139186036184,
    "d_intra_mean": 0.5189394477506479,
    "d_inter_mean": 0.5335032404462495,
    "n_images": 20
  },
  "stage_2": {
    "nnt_mean": 1.06443214796198,
    "nnt_std": 0.030109949033144505,
    "d_intra_mean": 0.6032324482500553,
    "d_inter_mean": 0.642026719947656,
    "n_images": 20
  },
  "stage_3": {
    "nnt_mean": 1.2862737858772961,
    "nnt_std": 0.1255988173651782,
    "d_intra_mean": 0.6013595432291428,
    "d_inter_mean": 0.7739722983042399,
    "n_images": 20
  },
  "stage_4": {
    "nnt_mean": 1.7237152252273205,
    "nnt_std": 0.29113965767930844,
    "d_intra_mean": 0.4624609284233629,
    "d_inter_mean": 0.7821359913600119,
    "n_images": 19
  }
}