{
  "PatchTagger": {
    "block_0": {
      "dim": 96,
      "lp": 96.89786404072119,
      "lp_std": 3.808202117351493,
      "fisher": 41.298906417102366,
      "tau": 0.9841300708679408
    },
    "block_3": {
      "dim": 384,
      "lp": 97.63855192426621,
      "lp_std": 2.373887872676556,
      "fisher": 1.151831559132526,
      "tau": 0.8442220956000955
    },
    "stage_3_fpn": {
      "dim": 256,
      "lp": 73.74039412967983,
      "lp_std": 9.02607657730591,
      "fisher": 0.5645308953730269,
      "tau": 0.4128652759205563
    },
    "block_13": {
      "dim": 384,
      "lp": 81.09376449880651,
      "lp_std": 8.755548923124113,
      "fisher": 0.3532776158285927,
      "tau": 0.3074371570767338
    }
  },
  "Ouassim": {
    "block_0": {
      "dim": 96,
      "lp": 36.530147505405075,
      "lp_std": 10.812974512040114,
      "fisher": 0.4918700996548246,
      "tau": 0.2852837839442037
    },
    "block_3": {
      "dim": 384,
      "lp": 47.55097110833989,
      "lp_std": 8.287731105518048,
      "fisher": 0.13790605619980717,
      "tau": 0.28324837190499
    },
    "stage_3_fpn": {
      "dim": 256,
      "lp": 51.54780937249568,
      "lp_std": 10.112258775909073,
      "fisher": 0.3326364531489268,
      "tau": 0.26880800790847537
    },
    "block_13": {
      "dim": 384,
      "lp": 46.84658612095731,
      "lp_std": 7.0025944388463115,
      "fisher": 0.2849152782329095,
      "tau": 0.24553615403412224
    }
  }
}